Kode_Item,Nama_Item,Jenis,Jumlah,Satuan,Total_Harga,Unnamed: 6,Bulan,Tahun
8996001354124,BENG-BENG 22GR,MKN,272,PCS,571.2,0.0,Februari,2025
8996001600375,LE MINERALE 330ML,MNM,240,PCS,369.968,0.0,Februari,2025
8991002105485,KAPAL API SPECIALMIX,MNM,240,PCS,396.0,0.0,Februari,2025
89686010015,INDOMIE AYAM BAWANG,MNM,160,PCS,417.12,0.0,Februari,2025
25,AQUA GALON REFFIL,MNM,127,PCS,0.0,0.0,Februari,2025
8996001603437,ENERGEN CHAMPION COK SC,MNM,120,PCS,208.8,0.0,Februari,2025
8996001600269,LE MINERALE 600ML,MNM,120,PCS,225.0,0.0,Februari,2025
8996001414002,TORABIKA CAPPUCINO,MNM,120,PCS,228.0,0.0,Februari,2025
8996001401033,TORABIKA DUO,MNM,120,PCS,192.84,0.0,Februari,2025
8991002135017,KAPAL API GULA AREN 23G,MNM,120,PCS,204.36,0.0,Februari,2025
8998666001306,TORABIKA CREAMY LATTE,MNM,120,PCS,166.2,0.0,Februari,2025
89686010947,INDOMIE GORENG,MKN,120,PCS,330.64,0.0,Februari,2025
8994171101289,LUWAK WHITE KOFFIE,MNM,120,PCS,170.04,0.0,Februari,2025
8999777026370,HANSAPLAST SC,P3K,100,PCS,28.3,0.0,Februari,2025
8993539106003,RON 88 600ML,MNM,96,PCS,164.064,0.0,Februari,2025
8993539146009,MINRAL 600ML,MNM,96,PCS,116.016,0.0,Februari,2025
8999,KOPI SUSU GULA AREN REKANSETIA,MNM,95,PCS,0.0,0.0,Februari,2025
8996001600726,LE MINERAL GALON 15L,MNM,90,PCS,0.0,0.0,Februari,2025
8991906101644,DJARUM COKLAT,ROKOK,90,PCS,0.0,0.0,Februari,2025
8998866203920,MILKU ORI 200 ML,MNM,84,PCS,234.516,0.0,Februari,2025
8998866500708,FLORIDINA ORANGE 350ML,MNM,84,PCS,207.0,0.0,Februari,2025
8998866202725,MILKU COKELAT 200ML,MNM,84,PCS,239.232,0.0,Februari,2025
9311931201208,MAXTEA TARIK,MNM,80,PCS,168.72,0.0,Februari,2025
8999909001909,MAGNUM,ROKOK,75,PCS,0.0,0.0,Februari,2025
318,SARI TEMULAWAK,MNM,72,PCS,198.0,0.0,Februari,2025
8996001600849,NIPIS MADU 330 ML,MNM,72,PCS,234.984,0.0,Februari,2025
8997001990039,SIERRA MINERAL 600 ML,MNM,72,PCS,104.976,0.0,Februari,2025
8997240930070,DELQUA MINERAL 600 ML,MNM,72,PCS,81.0,0.0,Februari,2025
9555192510222,SUGUS STICK ORANGE 30 GR,MKN,72,PCS,216.0,0.0,Februari,2025
8992696409057,MILO 3IN1 35G,MNM,72,PCS,207.648,0.0,Februari,2025
8993539323165,MINRAL 380ML,MNM,72,PCS,75.648,0.0,Februari,2025
8992858527308,HYDRO COCO 250ML,MNM,72,PCS,402.0,0.0,Februari,2025
8992761139018,ADES 600ML,MNM,72,PCS,178.848,0.0,Februari,2025
9555192510185,SUGUS STICK STRAWBERY 30 GR,MKN,72,PCS,216.0,0.0,Februari,2025
6914973002326,SNICKERS COK 35 GR,MKN,72,PCS,513.0,0.0,Februari,2025
8996006858016,TEH BOTOL 350ML,MNM,72,PCS,257.976,0.0,Februari,2025
9555192510208,SUGUS STICK BLACURANT 30 GR,MKN,72,PCS,216.0,0.0,Februari,2025
8993190912210,AMIDIS 600ML,MNM,72,PCS,176.256,0.0,Februari,2025
1112211222,SNACK SUCIFOODS 2500,MKN,60,PCS,102.0,0.0,Februari,2025
281,YAKULT,MNM,60,PCS,106.8,0.0,Februari,2025
8991102794619,TANGO WAFFLE CHOCO HAZEL 25 G,MKN,60,PCS,99.0,0.0,Februari,2025
8998898101409,TOLAK ANGIN CAIR 15ML,P3K,60,PCS,259.68,0.0,Februari,2025
2222001,SNACK MAKARONI DLL BR 5000,MKN,60,PCS,240.0,0.0,Februari,2025
8992752112518,MIZONE CRANBERRY 500 ML,MNM,60,PCS,217.5,0.0,Februari,2025
8998288016627,WONG COCO MY JELLY 70G,MKN,60,PCS,105.0,0.0,Februari,2025
8999909028234,DJI SAM SOE 12,ROKOK,53,PCS,976.1,0.0,Februari,2025
8998685111130,BOOM PERMEN,MKN,50,PCS,68.8,0.0,Februari,2025
8885013132083,AICE CHOCO MALT STICK,ICE CREAM,50,PCS,80.0,0.0,Februari,2025
555511100,KRIPIK KRIWIL DECONE,MKN,49,PCS,245.0,0.0,Februari,2025
8992982206001,NESTLE PURE LIFE 600ML,MNM,48,PCS,87.216,0.0,Februari,2025
89686041705,INDOMIE GORENG JUMBO,SMBK,48,PCS,175.824,0.0,Februari,2025
8992388133345,NU TEH TARIK 330 ML,MNM,48,PCS,270.96,0.0,Februari,2025
8996001600146,TEH PUCUK HARUM 350ML,MNM,48,PCS,116.016,0.0,Februari,2025
8999510785540,PRISTINE 400ML,MNM,48,PCS,117.456,0.0,Februari,2025
8997240930063,DELQUA MINERAL 330 ML,MNM,48,PCS,50.016,0.0,Februari,2025
8992775001608,CHOCOLATOS SWEET CHEESE 16G,MKN,48,PCS,39.984,0.0,Februari,2025
8992388133017,NU MILK TEA 330ML,MNM,48,PCS,270.96,0.0,Februari,2025
8992388101085,NU GREEN TEA 330ML,MNM,48,PCS,145.2,0.0,Februari,2025
8993053121407,PASEO 250,HOME CARE,48,PCS,478.392,0.0,Februari,2025
8997001990077,SIERRA SIGNATURE 350 ML,MNM,48,PCS,71.568,0.0,Februari,2025
8998866202732,MILKU STRAWBERRY 200ML,MNM,48,PCS,134.508,0.0,Februari,2025
8997035563544,POCARI SWEAT 350ML,MNM,48,PCS,241.2,0.0,Februari,2025
8998866201841,GOLDA COFFE DOLCE LATTE 200ML,MNM,48,PCS,138.984,0.0,Februari,2025
8993996241279,JAZY MAX 12,ROKOK,45,PCS,746.0,0.0,Februari,2025
8998989100120,G.G FILTER 12,ROKOK,44,PCS,0.0,0.0,Februari,2025
8991906101019,DJARUM SUPER 12,ROKOK,43,PCS,980.2,0.0,Februari,2025
8992907952327,SARI ROTI SANDWICH COKLAT,MKN,41,PCS,221.4,0.0,Februari,2025
89686043204,INDOMIE GORENG ACEH,MKN,40,PCS,114.28,0.0,Februari,2025
8995177109996,GULAKU PUTIH 1/2KG,SMBK,40,PCS,364.0,0.0,Februari,2025
8998866204026,TOP COFFEE MOKACHINNO SC,MNM,40,PCS,49.5,0.0,Februari,2025
8885013131864,AICE SWEET CORN,ICE CREAM,40,PCS,96.0,0.0,Februari,2025
8885013132328,AICE MOCHI PEACH 45 ML,ICE CREAM,40,PCS,92.48,0.0,Februari,2025
89686010046,INDOMIE AYAM SPESIAL,KSMTK,40,PCS,107.0,0.0,Februari,2025
8991002105423,KAPAL API 165G,MNM,40,PCS,898.2,0.0,Februari,2025
89686043716,INDOMIE GORENG CAKALANG,MKN,40,PCS,114.12,0.0,Februari,2025
89686910308,INDOMIE RASA EMPAL GENTONG,HOME CARE,40,PCS,113.72,0.0,Februari,2025
8993118731046,BIHUNKU AYAM BAWANG 55 GR,MKN,40,PCS,85.32,0.0,Februari,2025
171,YOGHURT JELLY BOTOL 10000,MNM,40,PCS,340.0,0.0,Februari,2025
89686010107,INDOMIE RASA KALDU AYAM,SMBK,40,PCS,100.0,0.0,Februari,2025
167,PIKDA MA ACAH,MKN,38,PCS,133.0,0.0,Februari,2025
8992907230012,SARI ROTI ISI COKLAT,MKN,37,PCS,133.2,0.0,Februari,2025
8991102541466,BLASTOZ COK 24 G,MKN,36,PCS,63.0,0.0,Februari,2025
7622202217630,RITZ CHEESE 91 GR,MKN,36,PCS,309.204,0.0,Februari,2025
8998009010262,ULTRA MILK LFHC PLAIN 250ML,MNM,36,PCS,242.424,0.0,Februari,2025
8992957361124,LAGIE GOLDEN CITY CHOCOLATE BALLS 50 G,MKN,36,PCS,164.736,0.0,Februari,2025
8997009510055,YOU C1000 ORANGE 140ML,MNM,36,PCS,197.7,0.0,Februari,2025
8998989300155,G.G SIGNATURE,ROKOK,36,PCS,832.65,0.0,Februari,2025
8999999601683,WALL'S TWISTER GRAPE 55 ML,ICE CREAM,36,PCS,116.208,0.0,Februari,2025
8996001316023,ROMA BONITA KELAPA PANDAN 30 GR,MKN,36,PCS,55.8,0.0,Februari,2025
8996001316009,ROMA BONITA KEJU SUSU 30G,MKN,36,PCS,55.8,0.0,Februari,2025
8992907952037,SARI ROTI ISI COKLAT KEJU,MKN,35,PCS,126.0,0.0,Februari,2025
20101,ROTI AOKA,MKN,35,PCS,122.5,0.0,Februari,2025
8997009510369,YOU C 1000 MANGO,MNM,30,PCS,163.5,0.0,Februari,2025
8997878005119,MILKITA PERMEN 1000,MKN,30,PCS,22.47,0.0,Februari,2025
1122211122,SNACK LANGGENG,MKN,30,PCS,540.0,0.0,Februari,2025
8997009510123,ORANGE WATER 500ML,MNM,30,PCS,180.906,0.0,Februari,2025
8997225860002,FINNA SAMBAL RAWIT ULEG 18G,MKN,30,PCS,42.3,0.0,Februari,2025
369,KRUPUK RDN BESAR,MKN,30,PCS,120.0,0.0,Februari,2025
188,PIRING KERTAS,HOME CARE,30,PCS,60.0,0.0,Februari,2025
8885013132687,AICE CRISPY BALLS,ICE CREAM,30,PCS,118.5,0.0,Februari,2025
8997009510116,LEMON WATER 500ML,MNM,30,PCS,191.97,0.0,Februari,2025
11121211,ROTI ADA KRIM BR,MKN,30,PCS,216.0,0.0,Februari,2025
875692692150,KRUPUK RDN KECIL,MKN,30,PCS,48.0,0.0,Februari,2025
8998898101119,STMJ,MNM,30,PCS,84.09,0.0,Februari,2025
8992696404441,BEAR BRAND 189ML,MNM,30,PCS,294.0,0.0,Februari,2025
8996001301142,ROMA KELAPA 300GR,MKN,28,PCS,219.604,0.0,Februari,2025
8999909096004,SAMPOERNA MILD 16,ROKOK,26,PCS,858.0,0.0,Februari,2025
453,BROWNIES BUMI RASA,MKN,25,PCS,125.0,0.0,Februari,2025
89995107885526,PRISTINE GALON REFF 19 LT,MNM,25,PCS,442.5,0.0,Februari,2025
44798,MATERAI 10000,ATK,25,PCS,250.0,0.0,Februari,2025
8992957220100,LAGIE BADAK 30G,MKN,24,PCS,64.608,0.0,Februari,2025
89686048704,SARIMI ISI 2 GORENG AYAM KECAP,MKN,24,PCS,87.216,0.0,Februari,2025
8998009010255,ULTRA MOKA 250ML,MNM,24,PCS,135.6,0.0,Februari,2025
8996001600610,TORA CAFE MILKY LATTE 180ML,MNM,24,PCS,85.008,0.0,Februari,2025
8991002121065,GOODDAY AVOCADO DELIGHT 250ML,MNM,24,PCS,127.296,0.0,Februari,2025
8993296201119,TERIGU SEGITIGA BIRU 1KG,HOME CARE,24,PCS,297.6,0.0,Februari,2025
8992775311479,CHOCOLATOS COK 16 G,MKN,24,PCS,20.016,0.0,Februari,2025
8996001600696,TUJUH KURMA 200ML,MNM,24,PCS,203.808,0.0,Februari,2025
8885013130706,AICE CHOCOLATE SUNDAE CUP,ICE CREAM,24,PCS,97.008,0.0,Februari,2025
8998009010224,ULTRA FC 250ML,MNM,24,PCS,135.6,0.0,Februari,2025
8998866202893,GOLDA COFFEE CAPPUCINO 200ML,MNM,24,PCS,68.04,0.0,Februari,2025
89686060126,POP MIE BASO,MKN,24,PCS,100.8,0.0,Februari,2025
8993539141509,MINRAL 1500ML,MNM,24,PCS,57.408,0.0,Februari,2025
8993190912401,AMIDIS 1500ML,MNM,24,PCS,133.008,0.0,Februari,2025
2211111,KERIPIK BAWANG KECIL BR,MKN,24,PCS,120.0,0.0,Februari,2025
8992772586016,ADEM SARI CHINKU 320ML,MNM,24,PCS,150.24,0.0,Februari,2025
8998866202923,FLORIDINA COCO 350ML,MNM,24,PCS,58.8,0.0,Februari,2025
89686017748,SARIMI ISI 2 GORENG AYAM KREMES,MKN,24,PCS,87.216,0.0,Februari,2025
8998866610377,ISOPLUS 350ML,MNM,24,PCS,55.272,0.0,Februari,2025
8992761166229,FRESTEA MARKISA 350ML,MNM,24,PCS,75.264,0.0,Februari,2025
8996006858085,FRUITEA APEL 350ML,MNM,24,PCS,85.992,0.0,Februari,2025
2111221111,KERIPIK BAWANG BESAR BR,MKN,24,PCS,288.0,0.0,Februari,2025
8996006857705,STEE 350ML,MNM,24,PCS,69.6,0.0,Februari,2025
8996001600399,LE MINERAL 1500ML,MNM,24,PCS,99.984,0.0,Februari,2025
8998866203531,ISO PLUS  COCO 350ML,MNM,24,PCS,54.168,0.0,Februari,2025
8999988778976,LASEGAR BOTOL 500 ML,MNM,24,PCS,142.416,0.0,Februari,2025
8998009040023,TEH KOTAK 200ML+100ML,MNM,24,PCS,73.2,0.0,Februari,2025
8998009040306,TEH KOTAK RASA APEL 200+100ML,MNM,24,PCS,73.2,0.0,Februari,2025
8996006856869,TEH BOTOL 330ML,MNM,24,PCS,67.008,0.0,Februari,2025
8998866105156,MAMA LEMON 680 ML,HOME CARE,24,PCS,199.596,0.0,Februari,2025
8996001600641,TORA CAFE ICED CAPPUCCINO 180ML,MNM,24,PCS,85.008,0.0,Februari,2025
8998009040313,TEH KOTAK RASA LEMON 200+100ML,MNM,24,PCS,73.8,0.0,Februari,2025
8994171102101,LUWAK WHITE KOFFIE 240ML,MNM,24,PCS,137.64,0.0,Februari,2025
8993163510160,TISU SIERRA 250,HOME CARE,24,PCS,156.12,0.0,Februari,2025
8996001308059,ROMA GANDUM SANDWICH COKLAT 39G,MKN,24,PCS,36.936,0.0,Februari,2025
9555376800071,STARWAY SOYA BEAN 310 ML,MNM,24,PCS,109.224,0.0,Februari,2025
8992775004494,CHOCOLATOS VANILLA CREAM 12G,MKN,24,PCS,19.968,0.0,Februari,2025
8991001111937,SILVERQUEEN ROCKER MILK 22GR,MKN,24,PCS,96.912,0.0,Februari,2025
8998288014111,WONG COCO MY PUDDING 168G,MKN,24,PAK,141.6,0.0,Februari,2025
8997214884958,MILK BRAN KOALA 189 ML,MNM,24,PCS,171.696,0.0,Februari,2025
8993539322991,PERFECT 300ML,MNM,24,PCS,74.352,0.0,Februari,2025
8991002121089,GOODDAY CAPPUCCINO 250ML,MNM,24,PCS,126.0,0.0,Februari,2025
9555017209898,STARWAY SWISS ROLL STRAW 16 GR,MKN,22,PCS,35.2,0.0,Februari,2025
9555017209904,STARWAY SWISS ROLL BLUEBERRY 16 GR,MKN,22,PCS,35.2,0.0,Februari,2025
9555017209881,STARWAY SWISS ROLL COCONUT 16 GR,MKN,22,PCS,35.2,0.0,Februari,2025
9555017209874,STARWAY SWISS ROLL COK 16 GR,MKN,22,PCS,35.2,0.0,Februari,2025
8999999294038,WALL'S FEAST COKELAT,ICE CREAM,21,PCS,101.724,0.0,Februari,2025
8999999294021,WALL'S FEAST VANILA,ICE CREAM,21,PCS,101.724,0.0,Februari,2025
711844120365,ABC SAMBAL 15G SC,MKN,20,PCS,11.44,0.0,Februari,2025
8992994110143,YAKULT LIGHT,MNM,20,PCS,45.2,0.0,Februari,2025
8992759184013,TISU JOLLY 200 S,HOME CARE,20,PCS,50.0,0.0,Februari,2025
8994596,YOGHURT MAMAZY 250ML,MKN,20,PCS,160.0,0.0,Februari,2025
8996001313657,ROMA APETITO TOMATO 19GR,MKN,20,PCS,32.0,0.0,Februari,2025
8992931029521,MULTI TISU ROLL,HOME CARE,20,PCS,52.0,0.0,Februari,2025
8996001313633,ROMA APETITO BBQ 19GR,MKN,20,PCS,32.0,0.0,Februari,2025
8993058306304,KOMIX HERBAL JERUK NIPIS,P3K,18,PCS,36.0,0.0,Februari,2025
8993058306502,KOMIX HERBAL RASA PAPPERMINT 15ML,P3K,18,PCS,36.0,0.0,Februari,2025
8993058306700,KOMIX HERBAL RASA JAHE 15ML,P3K,18,PCS,36.0,0.0,Februari,2025
8992907952549,SARI ROTI DORAYAKI COKLAT,MKN,17,PCS,91.8,0.0,Februari,2025
8992907997328,SARI ROTI DORAYAKI MARTABAK,MKN,17,PCS,91.8,0.0,Februari,2025
8992907952334,SARI ROTI SANDWICH KRIM KEJU,MKN,16,PCS,86.4,0.0,Februari,2025
8992907952143,SARI ROTI KRIM KEJU,MKN,16,PCS,72.0,0.0,Februari,2025
8992907996741,SARI ROTI SANDWICH ZUPERR CHOCO,MKN,15,PCS,67.5,0.0,Februari,2025
1223311,BERAS JANECOO 5 KG,SMBK,15,PCS,0.0,0.0,Februari,2025
8992907780012,SARI ROTI KASUR KEJU,MKN,15,PCS,181.55,0.0,Februari,2025
1211001,KRIPIK KENTANG YAMMI,MKN,15,PCS,270.0,0.0,Februari,2025
8992936115021,TONG TJI JASMINE 25,SMBK,15,PCS,160.5,0.0,Februari,2025
8996001302248,ROMA SARI GANDUM 149G,MKN,15,PCS,106.5,0.0,Februari,2025
8991001121615,SILVERQUEEN 68G,MKN,15,PCS,210.51,0.0,Februari,2025
89686611618,QTELA SINGKONG BBQ 60GR,MKN,15,PCS,70.26,0.0,Februari,2025
8992003782859,OB HERBAL PERMEN LOZENGES,MKN,15,PCS,25.305,0.0,Februari,2025
8990800022574,MENTOS RAINBOW,MKN,14,PCS,33.012,0.0,Februari,2025
8990800022543,MENTOS MINT 29G,MKN,14,PCS,33.012,0.0,Februari,2025
8998127921754,DUNHIL FILTER 12,ROKOK,14,PCS,286.4,0.0,Februari,2025
8992907420017,SARI ROTI KRIM COKLAT,MKN,14,PCS,63.0,0.0,Februari,2025
126,T 50K,PULSA,13,PCS,651.3,0.0,Februari,2025
8992907996413,SARI ROTI SOBEK DUO COK KEJ,MKN,13,PCS,127.25,0.0,Februari,2025
8997217370311,CAMEL PURPLE MILD 12,ROKOK,13,PCS,242.45,0.0,Februari,2025
8992775204009,GARUDA KACANG ATOM 130G,MKN,13,PCS,98.8,0.0,Februari,2025
8992907996321,SARI ROTI KASUR KLASIK,MKN,13,PCS,134.7,0.0,Februari,2025
9556156003385,YEOS GRASS JELLY DRINK 300ML,MNM,12,PCS,66.0,0.0,Februari,2025
8992003786840,ANTANGIN CAIR HABBATUSAUDA,P3K,12,PCS,34.272,0.0,Februari,2025
8997218380135,ICHITAN THAI GREENTEA 310 ML,MNM,12,PCS,79.2,0.0,Februari,2025
8992761166052,FRESTEA JASMINE 350ML,MNM,12,PCS,37.632,0.0,Februari,2025
8997009781585,HYDRO VIT-D 330ML,MNM,12,PCS,102.084,0.0,Februari,2025
8993539121501,RON 88 1500ML,MNM,12,PCS,43.08,0.0,Februari,2025
8992761166205,FRESTEA GREEN HONEY 350ML,MNM,12,PCS,37.632,0.0,Februari,2025
8997211252149,NORI BEE SAPI PANGGANG 4G,MKN,12,PCS,24.0,0.0,Februari,2025
8992855888105,BOLA DUNIA AGAR COKLAT 7G,MKN,12,PCS,51.6,0.0,Februari,2025
101213,JAS HUJAN PONCO GUNUNG LAWU,MKN,12,PCS,78.0,0.0,Februari,2025
8992907953270,SARI ROTI TAWAR SPESIAL JUMBO,MKN,12,PCS,194.4,0.0,Februari,2025
8997211251951,NORI TIME ROLL AB 4 GR,MKN,12,PCS,30.0,0.0,Februari,2025
8992775001691,GARUDA KACANG ROSTA WAGYU 100G,MKN,12,PCS,91.2,0.0,Februari,2025
89686060102,POP MIE GORENG PEDAS GLEDEK,SMBK,12,PCS,59.796,0.0,Februari,2025
89686060003,POP MIE AYAM BAWANG,MKN,12,PCS,49.8,0.0,Februari,2025
8997218380074,ICHITAN THAI MILKTEA 310 ML,MNM,12,PCS,79.2,0.0,Februari,2025
8992775001011,GERY SALUT WAFER KELAPA 21G,MKN,12,PCS,20.4,0.0,Februari,2025
8886015414061,NYAM-NYAM BUBLE PUFF 18G,MKN,12,PCS,42.48,0.0,Februari,2025
8992761145026,SPRITE 250ML,MNM,12,PCS,32.004,0.0,Februari,2025
8992775005897,CHOCOLATOS ROLL RICH 19 GR,MKN,12,PCS,19.2,0.0,Februari,2025
8992761166212,FRESTEA APEL 350ML,MNM,12,PCS,37.632,0.0,Februari,2025
8992628034159,BIMOLI SPESIAL 1L,SMBK,12,PCS,240.204,0.0,Februari,2025
8999999059781,SUNLIGHT 230ML,HOME CARE,12,PCS,50.7,0.0,Februari,2025
89686060256,POP MIE TORI KARA 70GR,MKN,12,PCS,64.2,0.0,Februari,2025
8991001111883,CHUNKY BAR CASHEW 33G,MKN,12,PCS,94.704,0.0,Februari,2025
8998009011214,ULTRA MILK LFHC COKELAT 250ML,MNM,12,PCS,69.108,0.0,Februari,2025
8998009040375,TEH KOTAK RASA LECI 200+100ML,MNM,12,PCS,36.6,0.0,Februari,2025
8997221811138,INKO GIM SNACK UDANG 6G,MKN,12,PCS,73.74,0.0,Februari,2025
8997211252163,NORI BEE ORI 4G,MKN,12,PCS,24.0,0.0,Februari,2025
8992759170580,TISU JOLLY 250S,HOME CARE,12,PCS,82.788,0.0,Februari,2025
8999510785472,PRISTINE 1500ML,MNM,12,PCS,72.108,0.0,Februari,2025
8996006858160,FRUITTEA BLACKCURRANT 350ML,MNM,12,PCS,42.996,0.0,Februari,2025
8992775004289,GARUDA ROSTA JAGUNG MANIS 100G,MKN,12,PCS,91.2,0.0,Februari,2025
4510,LEM SUPER GLUE,HOME CARE,12,PCS,19.5,0.0,Februari,2025
89686060287,POP MIE SPICY RAMYEON,MKN,12,PCS,64.2,0.0,Februari,2025
8992946533969,FITRI MINYAK GORENG 800ML,SMBK,12,PCS,200.508,0.0,Februari,2025
8991002125001,KAPAL API SIGNATURE 200ML,MNM,12,PCS,53.4,0.0,Februari,2025
8997203820004,MINYAK JUJUR 900ML,MKN,12,PCS,209.004,0.0,Februari,2025
372,CUP KOPI,HOME CARE,12,PAK,216.0,0.0,Februari,2025
8997220180136,SWALLOW GLOBE HIJAU 7G,MKN,12,PCS,50.4,0.0,Februari,2025
8997001990046,SIERRA MINERAL 1500 ML,MNM,12,PCS,35.496,0.0,Februari,2025
101215,JAS HUJAN STELAN 46,HOME CARE,12,PCS,99.996,0.0,Februari,2025
89686060461,POP MIE KARI AYAM,MKN,12,PCS,49.8,0.0,Februari,2025
8998866107068,MAMA LEMON JERUK NIPIS 230ML,HOME CARE,12,PCS,42.9,0.0,Februari,2025
8999988888972,LARUTAN CAP BADAK 500ML,MNM,12,PCS,82.584,0.0,Februari,2025
8997221811121,INKO GIM SNACK PEDAS 6G,MKN,12,PCS,73.74,0.0,Februari,2025
8991001503213,MALTITOS CRUNCH 45G,MKN,12,PCS,80.112,0.0,Februari,2025
8992003783399,ANTANGIN CAIR GINGER MINT,P3K,12,PCS,34.272,0.0,Februari,2025
8997211252033,NORI TIME ROLL BBQ 4 GR,MKN,12,PCS,29.988,0.0,Februari,2025
8992907720018,SARI ROTI SOBEK COKLAT KEJU,MKN,12,PCS,194.4,0.0,Februari,2025
9556398990023,D'BEST BIRD'S NEST 320ML,MNM,12,PCS,69.984,0.0,Februari,2025
8886015401030,NYAM-NYAM CHOCOLATE 25G,MKN,12,PCS,42.48,0.0,Februari,2025
8993058304201,BEJO JAHE MERAH 15ML,MKN,12,PCS,29.004,0.0,Februari,2025
8999999571535,MOLTO PEWANGI PINK 780ML,HOME CARE,12,PCS,173.796,0.0,Februari,2025
8998898280401,TOLAK ANGIN FLU,P3K,12,PCS,43.272,0.0,Februari,2025
8996006858320,FRUITEA LEMON 350ML,MNM,12,PCS,42.996,0.0,Februari,2025
8886022941512,ALKALINE AAA ISI 2,BATERAI,12,PAK,134.736,0.0,Februari,2025
8886022971298,ALKALINE AA ISI 2,BATERAI,12,PAK,142.656,0.0,Februari,2025
8998009040368,TEH KOTAK RASA MANGGA 200+100ML,MNM,12,PCS,36.6,0.0,Februari,2025
8992775002582,DILAN CRUNCHY CARAMEL 24G,MKN,12,PCS,19.992,0.0,Februari,2025
8993053131017,PASEO ELEGANT 108PLY,HOME CARE,12,PCS,21.66,0.0,Februari,2025
8992826117326,MINYAK GORENG MASKU 1 LT,SMBK,12,PCS,235.8,0.0,Februari,2025
8992003782354,ANTANGIN CAIR 15ML,P3K,12,PCS,34.8,0.0,Februari,2025
8992775001653,GERY SALUT WAFER TABUR KELAPA 20G,MKN,12,PCS,20.4,0.0,Februari,2025
8992761166038,PULPY ORANGE 300ML,MNM,11,PCS,45.375,0.0,Februari,2025
8992907996390,SARI ROTI SOBEK DUO COK,MKN,11,PCS,102.15,0.0,Februari,2025
8992907710019,SARI ROTI SOBEK COKLAT,MKN,11,PCS,178.2,0.0,Februari,2025
8990044000062,POCKY CHOCOLATE STIK 22G,MKN,10,PCS,38.5,0.0,Februari,2025
8998866629881,MIE SEDAAP GORENG ALA CHEF,MKN,10,PCS,28.46,0.0,Februari,2025
8997026200359,BERAS RAJA ULTIMA 5 KG,SMBK,10,PCS,740.0,0.0,Februari,2025
8992775212110,GARUDA KACANG TELUR 100G,MKN,10,PCS,77.0,0.0,Februari,2025
8996001305553,ROMA ARDEN YOGURT STRAWBERRY 30GR,MKN,10,PCS,16.09,0.0,Februari,2025
8886007821242,SOSRO TEH CELUP ISI 25PCS,MNM,10,PCS,61.0,0.0,Februari,2025
8994985000006,POKKA JASMINE 450 ML,MNM,10,PCS,50.0,0.0,Februari,2025
8992936115045,TONG TJI ORIGINAL TEA 25,SMBK,10,PCS,60.0,0.0,Februari,2025
8993539322793,RON CUP 240ML/DUS,MNM,10,DUS,232.82,0.0,Februari,2025
259,TEH TARIK HANAANG CUP,MNM,10,PCS,55.0,0.0,Februari,2025
8994907001302,ABC SAMBAL TERASI 18 GR SC,MKN,10,PCS,12.1,0.0,Februari,2025
8998685221013,NANO-NANO MILKY COKLAT,MKN,10,PCS,21.8,0.0,Februari,2025
8990044000086,POCKY COOKIES & CREAM 20 GR,MKN,10,PCS,38.9,0.0,Februari,2025
8998685177013,NANO-NANO MILKY VANILA,MKN,10,PCS,21.8,0.0,Februari,2025
11110222,PARACETAMOL 500 MG / STRIP,P3K,10,PCS,20.0,0.0,Februari,2025
8997233910140,BERAS REZEKI 5KG,SMBK,10,PCS,710.0,0.0,Februari,2025
8998685179017,NANO-NANO MILKY STROBERI,MKN,10,PCS,21.8,0.0,Februari,2025
8991001111289,SILVERQUEEN 33G,MNM,10,PCS,74.23,0.0,Februari,2025
3086120600044,BENSIN BIC BR,HOME CARE,10,PCS,32.43,0.0,Februari,2025
8993175539210,NEXTAR BROWNIES 42GR,MKN,10,PCS,20.19,0.0,Februari,2025
8993175538541,NEXTAR PINEAPPLE 42G,MKN,10,PCS,20.19,0.0,Februari,2025
8994985000273,POKKA LYCHEE 450 ML,MNM,10,PCS,50.0,0.0,Februari,2025
8993996611607,JAZY POPPIN 16,ROKOK,10,PCS,230.0,0.0,Februari,2025
205,SNACK SUCI FOODS KACANG BALA-BALA,MKN,10,PCS,150.0,0.0,Februari,2025
8992775000250,CHOCOLATOS DRINK MATCHA LATTE 26G,MNM,10,PCS,17.0,0.0,Februari,2025
8990044000079,POCKY STRAWBERRY STIK 21G,MKN,10,PCS,38.5,0.0,Februari,2025
8992003782460,OB HERBAL SC,P3K,10,PCS,26.17,0.0,Februari,2025
745604688581,BERAS PREMIUM 818 ORANGE 5 KG,SMBK,10,PCS,715.0,0.0,Februari,2025
8998989501125,G.G MERAH KRETEK 12,ROKOK,10,PCS,145.5,0.0,Februari,2025
8997004301184,OISHI SPICY SHRIMP 60GR,MKN,9,PCS,52.704,0.0,Februari,2025
8992858665000,PROMAG / STRIP,P3K,9,PCS,70.005,0.0,Februari,2025
160,I 50K,PULSA,9,PCS,454.5,0.0,Februari,2025
8996001302033,ROMA CREAM CRACKERS,MKN,9,PCS,54.006,0.0,Februari,2025
8997014442983,ON LINE ES TELLER 16,ROKOK,8,PCS,180.0,0.0,Februari,2025
8993560025502,DETTOL BTG COOL 60G,HOME CARE,8,PCS,29.592,0.0,Februari,2025
8992907996758,SARI ROTI SANDWICH ZUPERR MOCHA,MKN,8,PCS,36.0,0.0,Februari,2025
8999988888842,LARUTAN CAP BADAK GUAVA 320ML,MNM,8,PCS,47.952,0.0,Februari,2025
3526,KERIPIK CAPIOKA 100 G,MKN,8,PCS,80.0,0.0,Februari,2025
8993560025496,DETTOL BTG ORI 60G,HOME CARE,8,PCS,29.592,0.0,Februari,2025
8999988888866,LARUTAN CAP BADAK LECI 320ML,MNM,8,PCS,47.952,0.0,Februari,2025
8998866626262,SOSOFT SAKURA 80ML,HOME CARE,8,PCS,9.424,0.0,Februari,2025
8997014442020,ON BOLD 12,ROKOK,8,PCS,124.0,0.0,Februari,2025
222100,KRIPIK KENTANG KECIL BR 5000,MKN,7,PCS,31.5,0.0,Februari,2025
114,S 50K,PULSA,7,PCS,353.15,0.0,Februari,2025
8998127921709,DUNHIL MILD 16,ROKOK,7,PCS,190.45,0.0,Februari,2025
8992775311325,GERY SNACK SEREAL COKLAT 100G,MKN,7,PCS,49.0,0.0,Februari,2025
8994834007354,FRENCH FRIES 60GR LV3,MKN,6,PCS,36.0,0.0,Februari,2025
8998866602730,SOKLIN PEWANGI PINK 800ML,HOME CARE,6,PCS,77.4,0.0,Februari,2025
8998866608329,SABUN COLEK EKONOMI PTH 380 GR,HOME CARE,6,PCS,26.1,0.0,Februari,2025
8886013221203,TWISKO 70G,MKN,6,PCS,39.6,0.0,Februari,2025
8997035601222,ORONAMIN C 120 ML,MNM,6,PCS,31.2,0.0,Februari,2025
8999908057709,BODREX FLU&BATUK 4 TABLET,P3K,6,PCS,12.9,0.0,Februari,2025
8997032680299,TARO POTATO BBQ 65GR,MKN,6,PCS,46.8,0.0,Februari,2025
8992775610008,TING-TING GARUDA 125G,MKN,6,PAK,46.2,0.0,Februari,2025
8992775001042,GARUDA PILUS MIE GORENG 95G,MKN,6,PCS,30.0,0.0,Februari,2025
8993539142407,MINRAL CUP 220ML,MNM,6,PCS,106.5,0.0,Februari,2025
8992775203422,GARUDA KACANG ROSTA RASA BAWANG 100G,MKN,6,PCS,45.6,0.0,Februari,2025
711844160033,ABC LYCHEE JUICE 250ML,MNM,6,PCS,42.24,0.0,Februari,2025
8996001304990,ROMA SARI GANDUM SANDWICH SUSU&COKLAT 115,MKN,6,PCS,49.2,0.0,Februari,2025
8992826211017,FILMA MARGARIN 200G,SMBK,6,PCS,38.304,0.0,Februari,2025
8999178840339,CHUBA BBQ 140G,MKN,6,PCS,53.4,0.0,Februari,2025
8995227502814,CAP PANDA CINCAU SELASIH 310ML,MNM,6,PCS,32.304,0.0,Februari,2025
8999999514617,BANGO MANIS 400ML,SMBK,6,PCS,115.2,0.0,Februari,2025
8998866608992,SO KLIN LIQUID ANTI BACTERIAL 750ML,HOME CARE,6,PCS,100.5,0.0,Februari,2025
8993039242539,REGAL MARIE DUO COKLAT 125G,MKN,6,PCS,33.6,0.0,Februari,2025
8997035601482,FIBE MINI 100 ML,MNM,6,PCS,34.2,0.0,Februari,2025
89686732078,CHITATO LITE SALMON 68G,MKN,6,PCS,64.8,0.0,Februari,2025
8993539322939,PERFECT 2000ML,MNM,6,PCS,94.338,0.0,Februari,2025
8992718853370,NISSIN GEKIKARA RAMEN HOT SPICY,MKN,6,PCS,22.908,0.0,Februari,2025
8993175539517,NABATI WAFER WHITE 50G,MKN,6,PCS,11.508,0.0,Februari,2025
711844160057,ABC APPLE JUICE 250ML,MNM,6,PCS,42.24,0.0,Februari,2025
8886013223207,FRENCH FRIES 62G,MKN,6,PCS,37.2,0.0,Februari,2025
711844160019,ABC ORANGE JUICE 250ML,MNM,6,PCS,42.24,0.0,Februari,2025
8992775305102,GERY SALUT MALKIST COCONUT,MKN,6,PCS,35.4,0.0,Februari,2025
8990121011073,BANGO KECAP BTL 135ML,SMBK,6,PCS,57.0,0.0,Februari,2025
9555093300205,STARWAY JELLY MIXED 100 GR,MKN,6,PCS,59.94,0.0,Februari,2025
8888166842557,MONDE GENJI PIE 70G,MKN,6,PCS,62.4,0.0,Februari,2025
8992775002933,GERY SALUT ABON 105 GR,MKN,6,PCS,35.4,0.0,Februari,2025
8991102800020,KIRANTI DATANG BULAN RASA ORIGINAL,MNM,6,PCS,31.5,0.0,Februari,2025
8997004301146,RIN-BEE STIK KEJU 60GR,MKN,6,PCS,42.6,0.0,Februari,2025
89686598599,CHITATO SAPI BUMBU BAKAR 68G,MKN,6,PCS,60.6,0.0,Februari,2025
8995227500261,KAKI TIGA 500ML,MNM,6,PCS,41.25,0.0,Februari,2025
13256510414,TG PARTY SNACK 55 GR,KSMTK,6,PCS,45.0,0.0,Februari,2025
13256140406,TG HONEY PEANUTS,MKN,6,PCS,45.0,0.0,Februari,2025
8996001302323,ROMA MALKIST ABON,MKN,6,PCS,33.9,0.0,Februari,2025
8995227500377,CAP PANDA LIANG TEA 310ML,MNM,6,PCS,32.304,0.0,Februari,2025
711844162426,ABC SARI ASAM JAWA 250ML,MNM,6,PCS,25.5,0.0,Februari,2025
89686646061,SUN MARIE 150G,MKN,6,PCS,77.7,0.0,Februari,2025
8992775211434,GARUDA PILUS RASA SAPI PANGGANG 95G,MKN,6,PCS,30.0,0.0,Februari,2025
8995227500124,KAKI TIGA 200ML,MNM,6,PCS,20.004,0.0,Februari,2025
8992775002919,GARUDA O'CORN SEASALT 96G,MKN,6,PCS,51.6,0.0,Februari,2025
8992718853868,NISSIN GEKIKARA RAMEN PAS CARBONARA,MKN,6,PCS,22.908,0.0,Februari,2025
8996001305003,ROMA SARI GANDUM SANDWICH PEANUT 115G,MKN,6,PCS,49.8,0.0,Februari,2025
8992718853806,CUP NOODLE RASA KALDU SAPI,MKN,6,PCS,38.292,0.0,Februari,2025
8992741905183,YUPI SOUR O'RINGO,MKN,6,PCS,21.0,0.0,Februari,2025
8998866803649,SO KLIN LIQUID VIOLET 750ML,HOME CARE,6,PCS,100.5,0.0,Februari,2025
8996001302026,ROMA MALKIST CRACKERS,MKN,6,PCS,37.2,0.0,Februari,2025
8992753004010,FF SKMP POUCH 545 GR,MNM,6,PCS,114.0,0.0,Februari,2025
9556156009097,YEOS JASMINE 300 ML,MNM,6,PCS,33.0,0.0,Februari,2025
9556156033597,YEOS LYCHE 300 ML,MNM,6,PCS,33.0,0.0,Februari,2025
89686598186,CHITATO AYAM BBQ 68G,MKN,6,PCS,64.8,0.0,Februari,2025
8992775005422,DILAN CHOCO SANDWICH 80 GR,MKN,6,PCS,35.4,0.0,Februari,2025
8992718853813,CUP NOODLE RASA KALDU AYAM,MKN,6,PCS,38.292,0.0,Februari,2025
89686732085,CHITATO LITE SAUS KRIM BAWANG 68G,MKN,6,PCS,64.8,0.0,Februari,2025
8995154802490,SOES SNACK CREAM CHEESE PUFFLES 38GR,MKN,6,PCS,28.08,0.0,Februari,2025
8995227500582,CAP PANDA GRASS JELLY 310ML,MNM,6,PCS,32.304,0.0,Februari,2025
8999918999365,BOGABIS GABIN ARMY KELAPA 125G,MKN,6,PCS,31.482,0.0,Februari,2025
8995227500599,CAP PANDA SARANG BURUNG 310ML,MNM,6,PCS,32.304,0.0,Februari,2025
8997009510017,YOU C1000 LEMON 140ML,MNM,6,PCS,32.7,0.0,Februari,2025
8991906101712,DJARUM COKLAT EXTRA 12,ROKOK,6,PCS,86.4,0.0,Februari,2025
8998009010637,ULTRA MILK LOW FAT 1000ML,MNM,6,PCS,134.4,0.0,Februari,2025
8992775002896,GARUDA POTATO BBQ 50GR,MKN,6,PCS,51.0,0.0,Februari,2025
8993175535878,NABATI WAFER CHEESE 50G,MKN,6,PCS,11.508,0.0,Februari,2025
8992826117333,MINYAK GORENG MASKU 2 LT,SMBK,6,PCS,225.474,0.0,Februari,2025
8999918999426,BOGABIS GABIN ARMY BUTTER 125G,MKN,6,PCS,31.482,0.0,Februari,2025
96068809,FISHERMANS BLACKCURRANT 25G,MKN,6,PCS,90.774,0.0,Februari,2025
711844160071,ABC GUAVA JUICE 250ML,MNM,6,PCS,42.24,0.0,Februari,2025
89686723021,CHIKI TWIST CORN 75G,MKN,6,PCS,32.4,0.0,Februari,2025
8999918300116,BOGABIS MALKIST RENYAH 100G,MKN,6,PCS,25.434,0.0,Februari,2025
8992775210222,GARUDA KACANG ATOM PEDAS 100G,MKN,6,PCS,45.6,0.0,Februari,2025
8993539322977,PERFECT 1000ML,MNM,6,PCS,54.024,0.0,Februari,2025
8992775001783,GERY SALUT MALKIST CHOCOLATE COCONUT,MKN,6,PCS,35.4,0.0,Februari,2025
50819515,FISHERMANS ORIGINAL 25G,MKN,6,PCS,90.774,0.0,Februari,2025
4321583950213,YUPI ICED COLA 45G,MKN,6,PCS,21.0,0.0,Februari,2025
8997004302600,OISHI POPPY JAGUNG 60 GR,MKN,6,PCS,35.136,0.0,Februari,2025
8992775211410,GARUDA PILUS RASA PEDAS 95G,MKN,6,PCS,30.0,0.0,Februari,2025
8999999570804,RINSO MOLTO ROSE FRESH NEW 400GR,HOME CARE,6,PCS,56.4,0.0,Februari,2025
8992718853882,NISSIN GEKIKARA PAS AYAM PEDAS,MKN,6,PCS,22.908,0.0,Februari,2025
8998866602747,SOKLIN PEWANGI BLUE 800ML,HOME CARE,6,PCS,77.4,0.0,Februari,2025
8719200170995,BLUE BAND 200G,SMBK,6,PCS,51.084,0.0,Februari,2025
8993175537346,NABATI CHOCOLATE WAFER 127GR,MKN,5,PCS,32.67,0.0,Februari,2025
8991001121400,SILVERQUEEN ALMOND 68G,MKN,5,PCS,70.17,0.0,Februari,2025
132,T 10K,PULSA,5,PCS,54.25,0.0,Februari,2025
179,SNACK SUCI FOODS TALAS,MKN,5,PCS,75.0,0.0,Februari,2025
34,TELOR OMEGA ISI 6,MKN,5,PCS,75.495,0.0,Februari,2025
36,TELOR OMEGA ISI 10,MKN,5,PCS,121.995,0.0,Februari,2025
103,SNACK SUCI FOODS KRIPIK PISANG,MKN,5,PCS,75.0,0.0,Februari,2025
8999090522757,ROKOK SUKUN KRETEK 12,ROKOK,5,PCS,55.75,0.0,Februari,2025
8997017730988,ROKOK GROW BERRY 16,ROKOK,5,PCS,112.0,0.0,Februari,2025
8997017730636,ROKOK GROW BLACK ICE 16,ROKOK,5,PCS,108.5,0.0,Februari,2025
8993175532464,NABATI CHEESE WAFER,MKN,5,PCS,22.515,0.0,Februari,2025
8993175533836,NABATI CHOCOLATE WAFER 75G,MKN,5,PCS,22.515,0.0,Februari,2025
169,SNACK SUCI FOODS BATAGOR KERING,MKN,5,PCS,75.0,0.0,Februari,2025
8992907996765,SARI ROTI SANDWICH ZUPERR SWEET,MKN,5,PCS,22.5,0.0,Februari,2025
8999909012691,SAMPOERNA LEGIT 12,ROKOK,5,PCS,62.25,0.0,Februari,2025
8998898812206,TOLAK ANGIN BATUK + MADU,P3K,5,PCS,18.03,0.0,Februari,2025
8997014442808,ON LINE FRESHGRAPE 16,ROKOK,5,PCS,112.5,0.0,Februari,2025
8888166989399,KHONG GUAN BISCUIT 300G,MKN,5,PCS,78.7,0.0,Februari,2025
8993175537285,NABATI CHEESE WAFER 127GR,MKN,5,PCS,32.67,0.0,Februari,2025
8888166336605,NISSIN WAFER CHOCOLATE 132G,MKN,5,PCS,38.0,0.0,Februari,2025
8997001990022,SIERRA 220 ML CUP / DUS,MNM,5,DUS,94.995,0.0,Februari,2025
8993200666867,CIMORY UHT CASHEW 250 ML,MNM,4,PCS,22.0,0.0,Februari,2025
8993200667246,CIMORY UHT COK TIRAMISU 250 ML,MNM,4,PCS,22.0,0.0,Februari,2025
8997217370526,CAMEL YELLOW MILD 12,ROKOK,4,PCS,74.6,0.0,Februari,2025
8991001111807,SILVERQUEEN BITES ALMOND 40G,MKN,4,PCS,31.032,0.0,Februari,2025
8993200666898,CIMORY UHT COK MALT 250 ML,MNM,4,PCS,22.0,0.0,Februari,2025
8992804900254,PRONAS CORNED BEEF 120G,MKN,4,PCS,57.688,0.0,Februari,2025
8996196002954,PIATTOS RASA RUMPUT LAUT 75G,MKN,4,PCS,33.1,0.0,Februari,2025
8993200666201,CIMORY UHT MATCHA 250 ML,MNM,4,PCS,22.0,0.0,Februari,2025
8999988888811,LARUTAN CAP BADAK ORANGE 320ML,MNM,4,PCS,23.976,0.0,Februari,2025
8993200666126,CIMORY UHT BLUEBERRY 250 ML,MNM,4,PCS,22.0,0.0,Februari,2025
8993200666218,CIMORY UHT STRAWBERRY 250 ML,MNM,4,PCS,22.0,0.0,Februari,2025
8993200666836,CIMORY UHT ALMOND 250 ML,MNM,4,PCS,22.0,0.0,Februari,2025
8999988888828,LARUTAN CAP BADAK STRAW 320ML,MNM,4,PCS,23.976,0.0,Februari,2025
8992907996772,SARI ROTI DORAYAKI STRAWBERRY,MKN,4,PCS,21.6,0.0,Februari,2025
8993200666928,CIMORY UHT MARIE BISCUITS 250ML,MNM,4,PCS,22.0,0.0,Februari,2025
8991001111609,SILVERQUEEN BITES 40G,MKN,4,PCS,31.032,0.0,Februari,2025
8993200666133,CIMORY UHT COK 250 ML,MNM,4,PCS,22.0,0.0,Februari,2025
8993200666157,CIMORY UHT BEBAS LAKTOSA 250 ML,MNM,4,PCS,22.0,0.0,Februari,2025
12121,SNACK PUYUR / BALL,MKN,4,PCS,490.0,0.0,Februari,2025
8993200667215,CIMORY UHT SALTED CARAMEL 250 ML,MNM,4,PCS,22.0,0.0,Februari,2025
8996196000950,PIATTOS SAPI PANGGANG 75G,MKN,4,PCS,33.1,0.0,Februari,2025
8991001111791,SILVERQUEEN BITES DARK 35G,MKN,4,PCS,31.032,0.0,Februari,2025
8993200666805,CIMORY UHT HAZELNUT 250 ML,MNM,4,PCS,22.0,0.0,Februari,2025
711844120037,ABC SAMBAL ASLI 135ML,SMBK,3,PCS,23.4,0.0,Februari,2025
8999999049461,REXONA INVISIBLE DRY 45ML,KSMTK,3,PCS,42.999,0.0,Februari,2025
8997223735531,TWIZZ RED 16,ROKOK,3,PCS,70.5,0.0,Februari,2025
8992727003087,LAURIER NIGHT 35CM 6P,HOME CARE,3,PCS,25.8,0.0,Februari,2025
8997232970046,LEMONILO BROWNIES CRISPY CHOCO 35 G,MKN,3,PCS,29.7,0.0,Februari,2025
8997004302587,OISHI MAKADO BBQ 60 GR,MKN,3,PCS,17.568,0.0,Februari,2025
8993172000423,SIMBA CHOCO STRAWBERY CUP 37 G,MKN,3,PCS,21.0,0.0,Februari,2025
8991906101811,DJARUM 76 MANGGA,ROKOK,3,PCS,40.95,0.0,Februari,2025
9556182023234,CADBURY DAIRY MILK CHOCOLATE 30G,MKN,3,PCS,22.599,0.0,Februari,2025
8993189270260,CHARM SAFE NIGHT 35 CM 5 PADS,HOME CARE,3,PCS,32.1,0.0,Februari,2025
8999909012844,SAMPOERNA LEGIT SADA 12,ROKOK,3,PCS,37.35,0.0,Februari,2025
8995108500038,KUACI REBO ORIGINAL 150G,MKN,3,PCS,37.902,0.0,Februari,2025
111111,DELQUA CUP 200 / DUS,MNM,3,PCS,43.5,0.0,Februari,2025
8995108509550,KUACI REBO ORIGINAL 70G,MKN,3,PCS,22.035,0.0,Februari,2025
8992957246247,ALPINE FULL MILK 60G,MKN,3,PCS,32.625,0.0,Februari,2025
8992745380191,STELLA DAILY FRESHNESS PURPLE DREAM,HOME CARE,3,PCS,39.96,0.0,Februari,2025
8992775110126,GARUDA KACANG KULIT 200G,MKN,3,PCS,48.525,0.0,Februari,2025
8995952004232,MORIN PEANUT 150 GR,MKN,3,PCS,73.4,0.0,Februari,2025
8993175538909,SIIP CORN 50G,MKN,3,PCS,11.937,0.0,Februari,2025
8992696428300,NESTLE HONEY STARS 32G,MKN,3,PCS,27.3,0.0,Februari,2025
8995154802032,BAGELEN CHESSE 78G,MKN,3,PCS,57.33,0.0,Februari,2025
8993099996571,PAGODA PASTILES LIQUORICE 20GR,MKN,3,PCS,22.977,0.0,Februari,2025
8999908071903,BODREX MIGRA,P3K,3,PCS,6.9,0.0,Februari,2025
8997021870151,FRESH CARE STRONG 10ML,P3K,3,PCS,38.499,0.0,Februari,2025
8999178650235,MAITOS SAMBAL BALADO 140G,MKN,3,PCS,24.6,0.0,Februari,2025
7622210086679,CADBURY DAIRY MILK FRUIT&NUT 30G,MKN,3,PCS,25.32,0.0,Februari,2025
8991906101842,DJARUM COKLAT EXTRA MOCCA 12,ROKOK,3,PCS,47.7,0.0,Februari,2025
89686400038,INDOFOOD SAMBAL PEDAS DASYAT 275 ML,MKN,3,PCS,36.3,0.0,Februari,2025
8992942120347,PIA 100 COKLAT 75G,MKN,3,PCS,16.995,0.0,Februari,2025
8997223734138,TWIZZ ROYAL 12,ROKOK,3,PCS,52.05,0.0,Februari,2025
72,KRIPING SINGKONG AB/BAL,MKN,3,PCS,390.0,0.0,Februari,2025
8997215750085,WIN CHEESE GOLD 170GR,MKN,3,PCS,36.309,0.0,Februari,2025
8997232971265,LEMONILO CHIMI CHEESE BURGER 41 GR,MKN,3,PCS,20.979,0.0,Februari,2025
749921030658,HILO MILKY BROWN SUGAR 200ML,MNM,3,PCS,18.981,0.0,Februari,2025
8998866610223,DAIA VIOLET 850G,HOME CARE,3,PCS,44.1,0.0,Februari,2025
8992727006187,BIORE BODY WASH SAKURA 450ML,HOME CARE,3,PCS,56.4,0.0,Februari,2025
8995108509567,KUACI REBO MILK FLAVOR 70G,MKN,3,PCS,22.035,0.0,Februari,2025
8991905101096,ROKOK BROWN COFFEE 12,ROKOK,3,PCS,43.5,0.0,Februari,2025
8997215750153,WINCHEESZ PREMIUM 160GR,MKN,3,PCS,47.184,0.0,Februari,2025
8999898962533,UHT DIAMOND FC 1000 ML,MNM,3,PCS,62.7,0.0,Februari,2025
8888166993150,NISSIN WALENS CHOCO SOES 100G,MKN,3,PCS,24.6,0.0,Februari,2025
8719200171404,BLUE BAND CUP 250G,SMBK,3,PCS,55.5,0.0,Februari,2025
8992696428287,MILO COMBO CUP 32G,MKN,3,PCS,23.7,0.0,Februari,2025
8992727008273,BIORE REF HYGIENIC 450ML,HOME CARE,3,PCS,56.4,0.0,Februari,2025
8999178654332,MAITOS JAGUNG BBQ 140G,MKN,3,PCS,24.6,0.0,Februari,2025
8993999611208,JANAKA,ROKOK,3,PCS,29.4,0.0,Februari,2025
8999999584733,RINSO MOLTO STRAW BUBUK 700 GR,HOME CARE,3,PCS,60.3,0.0,Februari,2025
8999999045265,RINSO MOLTO ROSE 800 GR,HOME CARE,3,PCS,83.7,0.0,Februari,2025
8998777144060,DIAPET 10,P3K,3,PCS,15.75,0.0,Februari,2025
8998009080500,KRAFT CHEEDAR 165G,MKN,3,PCS,68.43,0.0,Februari,2025
112,S 100K,PULSA,3,PCS,300.0,0.0,Februari,2025
8999999580759,REXONA MEN DEO ADVEN 45ML,HOME CARE,3,PCS,42.999,0.0,Februari,2025
8999999580735,REXONA DEO MEN ICE 45ML,KSMTK,3,PCS,52.2,0.0,Februari,2025
8995108509864,KUACI REBO SALTED CARAMEL 150G,MKN,3,PCS,37.902,0.0,Februari,2025
8888166995789,NISSIN WALENS BLUEBERRY 100 GR,MKN,3,PCS,25.5,0.0,Februari,2025
8995108509499,KUACI REBO GREEN TEA 150G,MKN,3,PCS,37.902,0.0,Februari,2025
8998866618304,DAIA HIJAB 850G,HOME CARE,3,PCS,44.1,0.0,Februari,2025
8999168211606,JUARA JAMBU 12,ROKOK,3,PCS,39.3,0.0,Februari,2025
8993189270741,CHARM SAFE NIGHT 42CM 8 PADS,HOME CARE,3,PCS,67.8,0.0,Februari,2025
8999999580766,REXONA MEN DEO ULTRA 45ML,HOME CARE,3,PCS,42.999,0.0,Februari,2025
8993175538862,SIIP RICHOCO 50GR,MKN,3,PCS,11.937,0.0,Februari,2025
4902430400947,PANTENE SHAMPO AD 160ML,HOME CARE,3,PCS,83.1,0.0,Februari,2025
8995108500052,KUACI REBO MILK FLAVOR 150G,MKN,3,PCS,37.902,0.0,Februari,2025
8997004302594,OISHI MAKADO TOMAT 60 GR,MKN,3,PCS,17.568,0.0,Februari,2025
8997232970053,LEMONILO BROWNIES CRISPY CHEESE 35G,MKN,3,PCS,29.7,0.0,Februari,2025
8999909012875,SAMPOERNA LEGIT AMERTA,ROKOK,3,PCS,37.35,0.0,Februari,2025
8993172995460,SIMBA CHOCO CHIP CUP CHOCOLATE MILK 17G,MKN,3,PCS,21.0,0.0,Februari,2025
749921011145,NUTRISARI JERUK MADU 200ML,MNM,3,PCS,18.315,0.0,Februari,2025
8997168212135,JUARA TEH MANIS 12,ROKOK,3,PCS,39.3,0.0,Februari,2025
8998866624329,SO KLIN LIQUID W&B 525ML,HOME CARE,3,PCS,33.0,0.0,Februari,2025
711844130128,ABC SAUS TOMAT 275ML,MKN,3,PCS,41.1,0.0,Februari,2025
8993172902499,SIMBA CHOCO CHIP CUP PLAIN MILK 17G,MKN,3,PCS,21.0,0.0,Februari,2025
8995108509574,KUACI REBO GREEN TEA 70G,MKN,3,PCS,22.035,0.0,Februari,2025
8888166350137,NISSIN WALENS CHEESE SOES 100G,MKN,3,PCS,28.2,0.0,Februari,2025
8996001312605,ROMA MALKIST KJ PANGGANG 110 GR,MKN,3,PCS,39.6,0.0,Februari,2025
8998866607353,DAIA PUTIH 850G,HOME CARE,3,PCS,44.1,0.0,Februari,2025
8995108509857,KUACI REBO SALTED CARAMEL 70G,MKN,3,PCS,22.035,0.0,Februari,2025
7622210681614,CADBURY DAIRY MILK CASHEW NUT 30G,MKN,3,PCS,22.599,0.0,Februari,2025
108,PLN 200K,PULSA,3,PCS,603.0,0.0,Februari,2025
749921011596,NUTRISARI ORANGE UHT 200ML,MNM,3,PCS,18.315,0.0,Februari,2025
50604159,FISHERMANS LEMON 25G,MKN,3,PCS,45.387,0.0,Februari,2025
8992718853561,NISSIN UFO SAUS JEPANG,MKN,3,PCS,25.341,0.0,Februari,2025
8992775004524,CHOCOLATOS BOX VAN 90G,MKN,3,PCS,28.5,0.0,Februari,2025
8998989300292,G.G PATRA 12,ROKOK,3,PCS,38.7,0.0,Februari,2025
8993099132979,PAGODA PASTILES MINT 20GR,MKN,3,PCS,20.979,0.0,Februari,2025
8995154801431,KARTIKA TOAST ALMOND COOKIES 51.6G,MKN,3,PCS,38.61,0.0,Februari,2025
4902430400886,PANTENE SHAMPO AH 160ML,HOME CARE,3,PCS,83.4,0.0,Februari,2025
8997878700366,LEMONILO MIE GORENG PEDAS KOREA,SMBK,3,PCS,17.7,0.0,Februari,2025
8993189230103,CHARM SAFE NIGHT 29CM 9 PADS,HOME CARE,3,PCS,25.35,0.0,Februari,2025
6921211116639,CHUPA CHUPS MELODY POPS,MKN,3,PCS,7.509,0.0,Februari,2025
9556439890770,LEXUS CHEESE SANDWICH 76 GR,MKN,3,PCS,31.689,0.0,Februari,2025
7622201822194,CADBURY DAIRY MILK HAZELNUT 62G,MKN,3,PCS,46.23,0.0,Februari,2025
50017898,FISHERMAN'S CHERRY 25G,MKN,3,PCS,45.387,0.0,Februari,2025
8992907953287,SARI ROTI TAWAR KUPAS JUMBO,MKN,3,PCS,54.0,0.0,Februari,2025
711844110113,ABC KECAP 135ML,SMBK,3,PCS,22.611,0.0,Februari,2025
8999999401238,RINSO ANTI NODA CLASSIC 800G,HOME CARE,3,PCS,83.7,0.0,Februari,2025
8997232971302,LEMONILO BROWNIES STRAW 35 GR,MKN,3,PCS,29.7,0.0,Februari,2025
8999999006006,RINSO ANTI NODA CLASSIC 510+190 ML,HOME CARE,3,PCS,60.3,0.0,Februari,2025
8999777016784,NIVEA MEN ROOL COOK KICK 50 ML,KSMTK,3,PCS,57.3,0.0,Februari,2025
8993175538824,SIIP CHEESE 50G,MKN,3,PCS,11.937,0.0,Februari,2025
7622210640994,CADBURY DAIRY MILK CASHEW NUT 62G,MKN,3,PCS,39.621,0.0,Februari,2025
8995227500247,CAP KAKI TIGA GUAVA 320ML,MNM,3,PCS,16.977,0.0,Februari,2025
8992907440015,SARI ROTI KRIM MOKA,MKN,3,PCS,16.2,0.0,Februari,2025
711844330108,ABC SARDEN CABAI  155G,SMBK,3,PCS,32.4,0.0,Februari,2025
8992957246346,ALPINE BITTER SWEET 60G,MKN,3,PCS,32.625,0.0,Februari,2025
9556439890961,LEXUS CHOCOLATE SANDWICH 76 GR,MKN,3,PCS,31.689,0.0,Februari,2025
749921030580,HILO CHOCOLATE TARO 200ML,MNM,3,PCS,18.981,0.0,Februari,2025
749921006868,HILO TEEN 200ML RASA CHOCOLATE,MNM,3,PCS,21.645,0.0,Februari,2025
8999908285003,BODREX EXTRA 4 TABLET,P3K,3,PCS,7.35,0.0,Februari,2025
8992745326694,STELLA DAILY FRESHNES ORANGE BLOSSOM,HOME CARE,3,PCS,47.286,0.0,Februari,2025
8999999049492,REXONA DEO POWDER DRY 45ML,HOME CARE,3,PCS,43.002,0.0,Februari,2025
8992718853639,NISSIN UFO KARI PEDAS,MKN,3,PCS,25.341,0.0,Februari,2025
89981108,LUCKY STRIKE WHITE FILTER 20,ROKOK,3,PCS,84.6,0.0,Februari,2025
8998866109864,MAMA LEMON JERUK NIPIS 950ML,HOME CARE,3,PCS,39.312,0.0,Februari,2025
8999999534677,REXONA GLOW WHITE 40ML,HOME CARE,3,PCS,39.0,0.0,Februari,2025
8992727009058,BIORE DEO PROTECT 400 ML,HOME CARE,3,PCS,58.2,0.0,Februari,2025
110,PLN 50K,PULSA,3,PCS,153.0,0.0,Februari,2025
383,SNACK BALADO / BALL,MKN,2,PCS,240.0,0.0,Februari,2025
8992907000806,SARI ROTI DORAYAKI PANDAN,MKN,2,PCS,10.8,0.0,Februari,2025
8995102708003,MAMA SUKA RUMPUT LAUT JAGUNG BAKAR 9G,MKN,2,PCS,23.41,0.0,Februari,2025
8993175562843,NABATI WAFER CCP 127 GR,MKN,2,PCS,13.066,0.0,Februari,2025
8996196005801,PIATTOS MYSTERY FLAVOUR 68G,MKN,2,PCS,16.55,0.0,Februari,2025
8996196005559,PIATTOS KEJU PEDAS 75 G,MKN,2,PCS,16.55,0.0,Februari,2025
8992745120469,HIT AER ORANGE 415+35 ML,HOME CARE,2,PCS,51.06,0.0,Februari,2025
150,B 50K,PULSA,2,PCS,101.0,0.0,Februari,2025
8995227500292,CAP KAKI TIGA RASA MELON 320ML,MNM,2,PCS,11.318,0.0,Februari,2025
8996196004705,PIATTOS RASA SAMBAL GEPREK 78G,MKN,2,PCS,16.55,0.0,Februari,2025
8995227500230,CAP KAKI TIGA RASA ANGGUR 320ML,MNM,2,PCS,11.318,0.0,Februari,2025
8995102708119,MAMA SUKA RUMPUT LAUT RASA TELUR ASIN 9G,MKN,2,PCS,23.41,0.0,Februari,2025
116,S 25K,PULSA,2,PCS,51.05,0.0,Februari,2025
8996196004651,PIATTOS RASA SAMBAL MATAH 78G,MKN,2,PCS,16.55,0.0,Februari,2025
8995227500254,CAP KAKI TIGA STRAWBERRY 320ML,MNM,2,PCS,11.318,0.0,Februari,2025
8992804000459,PRONAS BOLOGNESE SAUCE 175G,MKN,2,PCS,19.428,0.0,Februari,2025
8995227500278,CAP KAKI TIGA LECI 320ML,MNM,2,PCS,11.318,0.0,Februari,2025
8994023000029,KEJU MEG CHEDDAR 160 GR,MKN,2,PCS,42.0,0.0,Februari,2025
8992695110206,PANADOL EXTRA 10 TABLET,P3K,2,PCS,25.0,0.0,Februari,2025
96,GAS ELPIJI 12 KG,HOME CARE,2,PCS,394.0,0.0,Februari,2025
1501,T 25K,PULSA,2,PCS,50.8,0.0,Februari,2025
8997004302457,SUKY SUKY SWEET 60 GR,MKN,2,PCS,11.714,0.0,Februari,2025
8995227501039,CAP KAKI TIGA RASA MARKISA 320ML,MNM,2,PCS,11.318,0.0,Februari,2025
8998989300513,SIGNATURE KRETEK 12,ROKOK,2,PCS,23.9,0.0,Februari,2025
8997014443010,ON LINE PINEAPPLE 16,ROKOK,2,PCS,45.0,0.0,Februari,2025
8995227502074,CAP KAKI TIGA RASA JERUK NIPIS 320ML,MNM,2,PCS,11.318,0.0,Februari,2025
10101000000,I 20,PULSA,2,PCS,41.2,0.0,Februari,2025
8993175563031,SIIP BITE COCOPANDAN 57 GR,MKN,2,PCS,9.4,0.0,Februari,2025
8992820114260,PRONAS SARDEN TOMAT 425G,SMBK,2,PCS,45.126,0.0,Februari,2025
8995952008230,MORIN CHOCO PEANUT 170G,MKN,2,PCS,47.8,0.0,Februari,2025
8995102708027,MAMA SUKA RUMPUT LAUT PANGGANG 9G,MKN,2,PCS,23.41,0.0,Februari,2025
162,I 25K,PULSA,2,PCS,52.5,0.0,Februari,2025
8992804900575,PRONAS SARDEN PEDAS 425G,SMBK,2,PCS,45.126,0.0,Februari,2025
8992804113401,PRONAS CORNED BEEF 340G,SMBK,2,PCS,66.904,0.0,Februari,2025
8995227500308,CAP KAKI TIGA ORANGE 320ML,MNM,2,PCS,11.318,0.0,Februari,2025
8993175562515,NABATI WAFER CCP 100 GR,MKN,2,PCS,16.596,0.0,Februari,2025
323,SLONDOK/BAL,MKN,1,PAK,125.0,0.0,Februari,2025
122222111,SNACK KUCAI ASIN / BAL,MKN,1,PCS,125.0,0.0,Februari,2025
8991102012904,S.G FORMULA NEO,HOME CARE,1,PCS,2.7,0.0,Februari,2025
8719200171411,BLUE BAND 1KG,SMBK,1,PCS,80.5,0.0,Februari,2025
11122,AKI MOTOR GS ASTRA,HOME CARE,1,PCS,285.0,0.0,Februari,2025
164,I 10K,PULSA,1,PCS,11.05,0.0,Februari,2025
308,BERAS PETRUK 25KG,SMBK,1,PCS,420.0,0.0,Februari,2025
8994023000333,KEJU MEG SLICE 10 S,MKN,1,PCS,11.3,0.0,Februari,2025
1334,SR 25K,PULSA,1,PCS,25.3,0.0,Februari,2025
119,S 10,PULSA,1,PCS,10.8,0.0,Februari,2025
139,S 15,PULSA,1,PCS,15.6,0.0,Februari,2025
145,SR 100,PULSA,1,PCS,98.9,0.0,Februari,2025
8998009011207,ULTRA LOWFAT CHOCOLATE 1L,MNM,1,PCS,22.7,0.0,Februari,2025
148,B 100K,PULSA,1,PCS,100.7,0.0,Februari,2025
163,I 10,PULSA,1,PCS,11.05,0.0,Februari,2025
118,S 20K,PULSA,1,PCS,20.7,0.0,Februari,2025
187,GAS ELPIJI 5 KG,HOME CARE,1,PCS,95.0,0.0,Februari,2025
120,S 10K,PULSA,1,PCS,10.8,0.0,Februari,2025
60,SNACK MAKARONI / BAL,MKN,1,PCS,110.0,0.0,Februari,2025
112121,T 15K,PULSA,1,PCS,16.95,0.0,Februari,2025
11210011,BAND LUAR FEDERAL,HOME CARE,1,PCS,215.0,0.0,Februari,2025
8997004302440,OISHI SUKY SUKY SEAWED 60 GR,MKN,1,PCS,5.857,0.0,Februari,2025
156,B 5K,PULSA,1,PCS,6.1,0.0,Februari,2025
154,B 10K,PULSA,1,PCS,11.25,0.0,Februari,2025
158,I 100K,PULSA,1,PCS,98.75,0.0,Februari,2025
159,I 50,PULSA,1,PCS,49.3,0.0,Februari,2025
8996001354124,BENG-BENG 22GR,MKN,272,PCS,571200.0,,Februari,2025
8996001600375,LE MINERALE 330ML,MNM,240,PCS,369968.0,,Februari,2025
8991002105485,KAPAL API SPECIALMIX,MNM,240,PCS,396000.0,,Februari,2025
89686010015,INDOMIE AYAM BAWANG,MNM,160,PCS,417120.0,,Februari,2025
25,AQUA GALON REFFIL,MNM,127,PCS,2168350.0,,Februari,2025
8996001603437,ENERGEN CHAMPION COK SC,MNM,120,PCS,208800.0,,Februari,2025
8996001600269,LE MINERALE 600ML,MNM,120,PCS,225000.0,,Februari,2025
8996001414002,TORABIKA CAPPUCINO,MNM,120,PCS,228000.0,,Februari,2025
8996001401033,TORABIKA DUO,MNM,120,PCS,192840.0,,Februari,2025
8991002135017,KAPAL API GULA AREN 23G,MNM,120,PCS,204360.0,,Februari,2025
8998666001306,TORABIKA CREAMY LATTE,MNM,120,PCS,166200.0,,Februari,2025
89686010947,INDOMIE GORENG,MKN,120,PCS,330640.0,,Februari,2025
8994171101289,LUWAK WHITE KOFFIE,MNM,120,PCS,170040.0,,Februari,2025
8999777026370,HANSAPLAST SC,P3K,100,PCS,28300.0,,Februari,2025
8993539106003,RON 88 600ML,MNM,96,PCS,164064.0,,Februari,2025
8993539146009,MINRAL 600ML,MNM,96,PCS,116016.0,,Februari,2025
8999,KOPI SUSU GULA AREN REKANSETIA,MNM,95,PCS,1235000.0,,Februari,2025
8996001600726,LE MINERAL GALON 15L,MNM,90,PCS,1467000.0,,Februari,2025
8991906101644,DJARUM COKLAT,ROKOK,90,PCS,1387000.0,,Februari,2025
8998866203920,MILKU ORI 200 ML,MNM,84,PCS,234516.0,,Februari,2025
8998866500708,FLORIDINA ORANGE 350ML,MNM,84,PCS,207000.0,,Februari,2025
8998866202725,MILKU COKELAT 200ML,MNM,84,PCS,239232.0,,Februari,2025
9311931201208,MAXTEA TARIK,MNM,80,PCS,168720.0,,Februari,2025
8999909001909,MAGNUM,ROKOK,75,PCS,1868250.0,,Februari,2025
318,SARI TEMULAWAK,MNM,72,PCS,198000.0,,Februari,2025
8996001600849,NIPIS MADU 330 ML,MNM,72,PCS,234984.0,,Februari,2025
8997001990039,SIERRA MINERAL 600 ML,MNM,72,PCS,104976.0,,Februari,2025
8997240930070,DELQUA MINERAL 600 ML,MNM,72,PCS,81000.0,,Februari,2025
9555192510222,SUGUS STICK ORANGE 30 GR,MKN,72,PCS,216000.0,,Februari,2025
8992696409057,MILO 3IN1 35G,MNM,72,PCS,207648.0,,Februari,2025
8993539323165,MINRAL 380ML,MNM,72,PCS,75648.0,,Februari,2025
8992858527308,HYDRO COCO 250ML,MNM,72,PCS,402000.0,,Februari,2025
8992761139018,ADES 600ML,MNM,72,PCS,178848.0,,Februari,2025
9555192510185,SUGUS STICK STRAWBERY 30 GR,MKN,72,PCS,216000.0,,Februari,2025
6914973002326,SNICKERS COK 35 GR,MKN,72,PCS,513000.0,,Februari,2025
8996006858016,TEH BOTOL 350ML,MNM,72,PCS,257976.0,,Februari,2025
9555192510208,SUGUS STICK BLACURANT 30 GR,MKN,72,PCS,216000.0,,Februari,2025
8993190912210,AMIDIS 600ML,MNM,72,PCS,176256.0,,Februari,2025
1112211222,SNACK SUCIFOODS 2500,MKN,60,PCS,102000.0,,Februari,2025
281,YAKULT,MNM,60,PCS,106800.0,,Februari,2025
8991102794619,TANGO WAFFLE CHOCO HAZEL 25 G,MKN,60,PCS,99000.0,,Februari,2025
8998898101409,TOLAK ANGIN CAIR 15ML,P3K,60,PCS,259680.0,,Februari,2025
2222001,SNACK MAKARONI DLL BR 5000,MKN,60,PCS,240000.0,,Februari,2025
8992752112518,MIZONE CRANBERRY 500 ML,MNM,60,PCS,217500.0,,Februari,2025
8998288016627,WONG COCO MY JELLY 70G,MKN,60,PCS,105000.0,,Februari,2025
8999909028234,DJI SAM SOE 12,ROKOK,53,PCS,976100.0,,Februari,2025
8998685111130,BOOM PERMEN,MKN,50,PCS,68800.0,,Februari,2025
8885013132083,AICE CHOCO MALT STICK,ICE CREAM,50,PCS,80000.0,,Februari,2025
555511100,KRIPIK KRIWIL DECONE,MKN,49,PCS,245000.0,,Februari,2025
8992982206001,NESTLE PURE LIFE 600ML,MNM,48,PCS,87216.0,,Februari,2025
89686041705,INDOMIE GORENG JUMBO,SMBK,48,PCS,175824.0,,Februari,2025
8992388133345,NU TEH TARIK 330 ML,MNM,48,PCS,270960.0,,Februari,2025
8996001600146,TEH PUCUK HARUM 350ML,MNM,48,PCS,116016.0,,Februari,2025
8999510785540,PRISTINE 400ML,MNM,48,PCS,117456.0,,Februari,2025
8997240930063,DELQUA MINERAL 330 ML,MNM,48,PCS,50016.0,,Februari,2025
8992775001608,CHOCOLATOS SWEET CHEESE 16G,MKN,48,PCS,39984.0,,Februari,2025
8992388133017,NU MILK TEA 330ML,MNM,48,PCS,270960.0,,Februari,2025
8992388101085,NU GREEN TEA 330ML,MNM,48,PCS,145200.0,,Februari,2025
8993053121407,PASEO 250,HOME CARE,48,PCS,478392.0,,Februari,2025
8997001990077,SIERRA SIGNATURE 350 ML,MNM,48,PCS,71568.0,,Februari,2025
8998866202732,MILKU STRAWBERRY 200ML,MNM,48,PCS,134508.0,,Februari,2025
8997035563544,POCARI SWEAT 350ML,MNM,48,PCS,241200.0,,Februari,2025
8998866201841,GOLDA COFFE DOLCE LATTE 200ML,MNM,48,PCS,138984.0,,Februari,2025
8993996241279,JAZY MAX 12,ROKOK,45,PCS,746000.0,,Februari,2025
8998989100120,G.G FILTER 12,ROKOK,44,PCS,1066700.0,,Februari,2025
8991906101019,DJARUM SUPER 12,ROKOK,43,PCS,980200.0,,Februari,2025
8992907952327,SARI ROTI SANDWICH COKLAT,MKN,41,PCS,221400.0,,Februari,2025
89686043204,INDOMIE GORENG ACEH,MKN,40,PCS,114280.0,,Februari,2025
8995177109996,GULAKU PUTIH 1/2KG,SMBK,40,PCS,364000.0,,Februari,2025
8998866204026,TOP COFFEE MOKACHINNO SC,MNM,40,PCS,49500.0,,Februari,2025
8885013131864,AICE SWEET CORN,ICE CREAM,40,PCS,96000.0,,Februari,2025
8885013132328,AICE MOCHI PEACH 45 ML,ICE CREAM,40,PCS,92480.0,,Februari,2025
89686010046,INDOMIE AYAM SPESIAL,KSMTK,40,PCS,107000.0,,Februari,2025
8991002105423,KAPAL API 165G,MNM,40,PCS,898200.0,,Februari,2025
89686043716,INDOMIE GORENG CAKALANG,MKN,40,PCS,114120.0,,Februari,2025
89686910308,INDOMIE RASA EMPAL GENTONG,HOME CARE,40,PCS,113720.0,,Februari,2025
8993118731046,BIHUNKU AYAM BAWANG 55 GR,MKN,40,PCS,85320.0,,Februari,2025
171,YOGHURT JELLY BOTOL 10000,MNM,40,PCS,340000.0,,Februari,2025
89686010107,INDOMIE RASA KALDU AYAM,SMBK,40,PCS,100000.0,,Februari,2025
167,PIKDA MA ACAH,MKN,38,PCS,133000.0,,Februari,2025
8992907230012,SARI ROTI ISI COKLAT,MKN,37,PCS,133200.0,,Februari,2025
8991102541466,BLASTOZ COK 24 G,MKN,36,PCS,63000.0,,Februari,2025
7622202217630,RITZ CHEESE 91 GR,MKN,36,PCS,309204.0,,Februari,2025
8998009010262,ULTRA MILK LFHC PLAIN 250ML,MNM,36,PCS,242424.0,,Februari,2025
8992957361124,LAGIE GOLDEN CITY CHOCOLATE BALLS 50 G,MKN,36,PCS,164736.0,,Februari,2025
8997009510055,YOU C1000 ORANGE 140ML,MNM,36,PCS,197700.0,,Februari,2025
8998989300155,G.G SIGNATURE,ROKOK,36,PCS,832650.0,,Februari,2025
8999999601683,WALL'S TWISTER GRAPE 55 ML,ICE CREAM,36,PCS,116208.0,,Februari,2025
8996001316023,ROMA BONITA KELAPA PANDAN 30 GR,MKN,36,PCS,55800.0,,Februari,2025
8996001316009,ROMA BONITA KEJU SUSU 30G,MKN,36,PCS,55800.0,,Februari,2025
8992907952037,SARI ROTI ISI COKLAT KEJU,MKN,35,PCS,126000.0,,Februari,2025
20101,ROTI AOKA,MKN,35,PCS,122500.0,,Februari,2025
8997009510369,YOU C 1000 MANGO,MNM,30,PCS,163500.0,,Februari,2025
8997878005119,MILKITA PERMEN 1000,MKN,30,PCS,22470.0,,Februari,2025
1122211122,SNACK LANGGENG,MKN,30,PCS,540000.0,,Februari,2025
8997009510123,ORANGE WATER 500ML,MNM,30,PCS,180906.0,,Februari,2025
8997225860002,FINNA SAMBAL RAWIT ULEG 18G,MKN,30,PCS,42300.0,,Februari,2025
369,KRUPUK RDN BESAR,MKN,30,PCS,120000.0,,Februari,2025
188,PIRING KERTAS,HOME CARE,30,PCS,60000.0,,Februari,2025
8885013132687,AICE CRISPY BALLS,ICE CREAM,30,PCS,118500.0,,Februari,2025
8997009510116,LEMON WATER 500ML,MNM,30,PCS,191970.0,,Februari,2025
11121211,ROTI ADA KRIM BR,MKN,30,PCS,216000.0,,Februari,2025
875692692150,KRUPUK RDN KECIL,MKN,30,PCS,48000.0,,Februari,2025
8998898101119,STMJ,MNM,30,PCS,84090.0,,Februari,2025
8992696404441,BEAR BRAND 189ML,MNM,30,PCS,294000.0,,Februari,2025
8996001301142,ROMA KELAPA 300GR,MKN,28,PCS,219604.0,,Februari,2025
8999909096004,SAMPOERNA MILD 16,ROKOK,26,PCS,858000.0,,Februari,2025
453,BROWNIES BUMI RASA,MKN,25,PCS,125000.0,,Februari,2025
89995107885526,PRISTINE GALON REFF 19 LT,MNM,25,PCS,442500.0,,Februari,2025
44798,MATERAI 10000,ATK,25,PCS,250000.0,,Februari,2025
8992957220100,LAGIE BADAK 30G,MKN,24,PCS,64608.0,,Februari,2025
89686048704,SARIMI ISI 2 GORENG AYAM KECAP,MKN,24,PCS,87216.0,,Februari,2025
8998009010255,ULTRA MOKA 250ML,MNM,24,PCS,135600.0,,Februari,2025
8996001600610,TORA CAFE MILKY LATTE 180ML,MNM,24,PCS,85008.0,,Februari,2025
8991002121065,GOODDAY AVOCADO DELIGHT 250ML,MNM,24,PCS,127296.0,,Februari,2025
8993296201119,TERIGU SEGITIGA BIRU 1KG,HOME CARE,24,PCS,297600.0,,Februari,2025
8992775311479,CHOCOLATOS COK 16 G,MKN,24,PCS,20016.0,,Februari,2025
8996001600696,TUJUH KURMA 200ML,MNM,24,PCS,203808.0,,Februari,2025
8885013130706,AICE CHOCOLATE SUNDAE CUP,ICE CREAM,24,PCS,97008.0,,Februari,2025
8998009010224,ULTRA FC 250ML,MNM,24,PCS,135600.0,,Februari,2025
8998866202893,GOLDA COFFEE CAPPUCINO 200ML,MNM,24,PCS,68040.0,,Februari,2025
89686060126,POP MIE BASO,MKN,24,PCS,100800.0,,Februari,2025
8993539141509,MINRAL 1500ML,MNM,24,PCS,57408.0,,Februari,2025
8993190912401,AMIDIS 1500ML,MNM,24,PCS,133008.0,,Februari,2025
2211111,KERIPIK BAWANG KECIL BR,MKN,24,PCS,120000.0,,Februari,2025
8992772586016,ADEM SARI CHINKU 320ML,MNM,24,PCS,150240.0,,Februari,2025
8998866202923,FLORIDINA COCO 350ML,MNM,24,PCS,58800.0,,Februari,2025
89686017748,SARIMI ISI 2 GORENG AYAM KREMES,MKN,24,PCS,87216.0,,Februari,2025
8998866610377,ISOPLUS 350ML,MNM,24,PCS,55272.0,,Februari,2025
8992761166229,FRESTEA MARKISA 350ML,MNM,24,PCS,75264.0,,Februari,2025
8996006858085,FRUITEA APEL 350ML,MNM,24,PCS,85992.0,,Februari,2025
2111221111,KERIPIK BAWANG BESAR BR,MKN,24,PCS,288000.0,,Februari,2025
8996006857705,STEE 350ML,MNM,24,PCS,69600.0,,Februari,2025
8996001600399,LE MINERAL 1500ML,MNM,24,PCS,99984.0,,Februari,2025
8998866203531,ISO PLUS  COCO 350ML,MNM,24,PCS,54168.0,,Februari,2025
8999988778976,LASEGAR BOTOL 500 ML,MNM,24,PCS,142416.0,,Februari,2025
8998009040023,TEH KOTAK 200ML+100ML,MNM,24,PCS,73200.0,,Februari,2025
8998009040306,TEH KOTAK RASA APEL 200+100ML,MNM,24,PCS,73200.0,,Februari,2025
8996006856869,TEH BOTOL 330ML,MNM,24,PCS,67008.0,,Februari,2025
8998866105156,MAMA LEMON 680 ML,HOME CARE,24,PCS,199596.0,,Februari,2025
8996001600641,TORA CAFE ICED CAPPUCCINO 180ML,MNM,24,PCS,85008.0,,Februari,2025
8998009040313,TEH KOTAK RASA LEMON 200+100ML,MNM,24,PCS,73800.0,,Februari,2025
8994171102101,LUWAK WHITE KOFFIE 240ML,MNM,24,PCS,137640.0,,Februari,2025
8993163510160,TISU SIERRA 250,HOME CARE,24,PCS,156120.0,,Februari,2025
8996001308059,ROMA GANDUM SANDWICH COKLAT 39G,MKN,24,PCS,36936.0,,Februari,2025
9555376800071,STARWAY SOYA BEAN 310 ML,MNM,24,PCS,109224.0,,Februari,2025
8992775004494,CHOCOLATOS VANILLA CREAM 12G,MKN,24,PCS,19968.0,,Februari,2025
8991001111937,SILVERQUEEN ROCKER MILK 22GR,MKN,24,PCS,96912.0,,Februari,2025
8998288014111,WONG COCO MY PUDDING 168G,MKN,24,PAK,141600.0,,Februari,2025
8997214884958,MILK BRAN KOALA 189 ML,MNM,24,PCS,171696.0,,Februari,2025
8993539322991,PERFECT 300ML,MNM,24,PCS,74352.0,,Februari,2025
8991002121089,GOODDAY CAPPUCCINO 250ML,MNM,24,PCS,126000.0,,Februari,2025
9555017209898,STARWAY SWISS ROLL STRAW 16 GR,MKN,22,PCS,35200.0,,Februari,2025
9555017209904,STARWAY SWISS ROLL BLUEBERRY 16 GR,MKN,22,PCS,35200.0,,Februari,2025
9555017209881,STARWAY SWISS ROLL COCONUT 16 GR,MKN,22,PCS,35200.0,,Februari,2025
9555017209874,STARWAY SWISS ROLL COK 16 GR,MKN,22,PCS,35200.0,,Februari,2025
8999999294038,WALL'S FEAST COKELAT,ICE CREAM,21,PCS,101724.0,,Februari,2025
8999999294021,WALL'S FEAST VANILA,ICE CREAM,21,PCS,101724.0,,Februari,2025
711844120365,ABC SAMBAL 15G SC,MKN,20,PCS,11440.0,,Februari,2025
8992994110143,YAKULT LIGHT,MNM,20,PCS,45200.0,,Februari,2025
8992759184013,TISU JOLLY 200 S,HOME CARE,20,PCS,50000.0,,Februari,2025
8994596,YOGHURT MAMAZY 250ML,MKN,20,PCS,160000.0,,Februari,2025
8996001313657,ROMA APETITO TOMATO 19GR,MKN,20,PCS,32000.0,,Februari,2025
8992931029521,MULTI TISU ROLL,HOME CARE,20,PCS,52000.0,,Februari,2025
8996001313633,ROMA APETITO BBQ 19GR,MKN,20,PCS,32000.0,,Februari,2025
8993058306304,KOMIX HERBAL JERUK NIPIS,P3K,18,PCS,36000.0,,Februari,2025
8993058306502,KOMIX HERBAL RASA PAPPERMINT 15ML,P3K,18,PCS,36000.0,,Februari,2025
8993058306700,KOMIX HERBAL RASA JAHE 15ML,P3K,18,PCS,36000.0,,Februari,2025
8992907952549,SARI ROTI DORAYAKI COKLAT,MKN,17,PCS,91800.0,,Februari,2025
8992907997328,SARI ROTI DORAYAKI MARTABAK,MKN,17,PCS,91800.0,,Februari,2025
8992907952334,SARI ROTI SANDWICH KRIM KEJU,MKN,16,PCS,86400.0,,Februari,2025
8992907952143,SARI ROTI KRIM KEJU,MKN,16,PCS,72000.0,,Februari,2025
8992907996741,SARI ROTI SANDWICH ZUPERR CHOCO,MKN,15,PCS,67500.0,,Februari,2025
1223311,BERAS JANECOO 5 KG,SMBK,15,PCS,1087500.0,,Februari,2025
8992907780012,SARI ROTI KASUR KEJU,MKN,15,PCS,181550.0,,Februari,2025
1211001,KRIPIK KENTANG YAMMI,MKN,15,PCS,270000.0,,Februari,2025
8992936115021,TONG TJI JASMINE 25,SMBK,15,PCS,160500.0,,Februari,2025
8996001302248,ROMA SARI GANDUM 149G,MKN,15,PCS,106500.0,,Februari,2025
8991001121615,SILVERQUEEN 68G,MKN,15,PCS,210510.0,,Februari,2025
89686611618,QTELA SINGKONG BBQ 60GR,MKN,15,PCS,70260.0,,Februari,2025
8992003782859,OB HERBAL PERMEN LOZENGES,MKN,15,PCS,25305.0,,Februari,2025
8990800022574,MENTOS RAINBOW,MKN,14,PCS,33012.0,,Februari,2025
8990800022543,MENTOS MINT 29G,MKN,14,PCS,33012.0,,Februari,2025
8998127921754,DUNHIL FILTER 12,ROKOK,14,PCS,286400.0,,Februari,2025
8992907420017,SARI ROTI KRIM COKLAT,MKN,14,PCS,63000.0,,Februari,2025
126,T 50K,PULSA,13,PCS,651300.0,,Februari,2025
8992907996413,SARI ROTI SOBEK DUO COK KEJ,MKN,13,PCS,127250.0,,Februari,2025
8997217370311,CAMEL PURPLE MILD 12,ROKOK,13,PCS,242450.0,,Februari,2025
8992775204009,GARUDA KACANG ATOM 130G,MKN,13,PCS,98800.0,,Februari,2025
8992907996321,SARI ROTI KASUR KLASIK,MKN,13,PCS,134700.0,,Februari,2025
9556156003385,YEOS GRASS JELLY DRINK 300ML,MNM,12,PCS,66000.0,,Februari,2025
8992003786840,ANTANGIN CAIR HABBATUSAUDA,P3K,12,PCS,34272.0,,Februari,2025
8997218380135,ICHITAN THAI GREENTEA 310 ML,MNM,12,PCS,79200.0,,Februari,2025
8992761166052,FRESTEA JASMINE 350ML,MNM,12,PCS,37632.0,,Februari,2025
8997009781585,HYDRO VIT-D 330ML,MNM,12,PCS,102084.0,,Februari,2025
8993539121501,RON 88 1500ML,MNM,12,PCS,43080.0,,Februari,2025
8992761166205,FRESTEA GREEN HONEY 350ML,MNM,12,PCS,37632.0,,Februari,2025
8997211252149,NORI BEE SAPI PANGGANG 4G,MKN,12,PCS,24000.0,,Februari,2025
8992855888105,BOLA DUNIA AGAR COKLAT 7G,MKN,12,PCS,51600.0,,Februari,2025
101213,JAS HUJAN PONCO GUNUNG LAWU,MKN,12,PCS,78000.0,,Februari,2025
8992907953270,SARI ROTI TAWAR SPESIAL JUMBO,MKN,12,PCS,194400.0,,Februari,2025
8997211251951,NORI TIME ROLL AB 4 GR,MKN,12,PCS,30000.0,,Februari,2025
8992775001691,GARUDA KACANG ROSTA WAGYU 100G,MKN,12,PCS,91200.0,,Februari,2025
89686060102,POP MIE GORENG PEDAS GLEDEK,SMBK,12,PCS,59796.0,,Februari,2025
89686060003,POP MIE AYAM BAWANG,MKN,12,PCS,49800.0,,Februari,2025
8997218380074,ICHITAN THAI MILKTEA 310 ML,MNM,12,PCS,79200.0,,Februari,2025
8992775001011,GERY SALUT WAFER KELAPA 21G,MKN,12,PCS,20400.0,,Februari,2025
8886015414061,NYAM-NYAM BUBLE PUFF 18G,MKN,12,PCS,42480.0,,Februari,2025
8992761145026,SPRITE 250ML,MNM,12,PCS,32004.0,,Februari,2025
8992775005897,CHOCOLATOS ROLL RICH 19 GR,MKN,12,PCS,19200.0,,Februari,2025
8992761166212,FRESTEA APEL 350ML,MNM,12,PCS,37632.0,,Februari,2025
8992628034159,BIMOLI SPESIAL 1L,SMBK,12,PCS,240204.0,,Februari,2025
8999999059781,SUNLIGHT 230ML,HOME CARE,12,PCS,50700.0,,Februari,2025
89686060256,POP MIE TORI KARA 70GR,MKN,12,PCS,64200.0,,Februari,2025
8991001111883,CHUNKY BAR CASHEW 33G,MKN,12,PCS,94704.0,,Februari,2025
8998009011214,ULTRA MILK LFHC COKELAT 250ML,MNM,12,PCS,69108.0,,Februari,2025
8998009040375,TEH KOTAK RASA LECI 200+100ML,MNM,12,PCS,36600.0,,Februari,2025
8997221811138,INKO GIM SNACK UDANG 6G,MKN,12,PCS,73740.0,,Februari,2025
8997211252163,NORI BEE ORI 4G,MKN,12,PCS,24000.0,,Februari,2025
8992759170580,TISU JOLLY 250S,HOME CARE,12,PCS,82788.0,,Februari,2025
8999510785472,PRISTINE 1500ML,MNM,12,PCS,72108.0,,Februari,2025
8996006858160,FRUITTEA BLACKCURRANT 350ML,MNM,12,PCS,42996.0,,Februari,2025
8992775004289,GARUDA ROSTA JAGUNG MANIS 100G,MKN,12,PCS,91200.0,,Februari,2025
4510,LEM SUPER GLUE,HOME CARE,12,PCS,19500.0,,Februari,2025
89686060287,POP MIE SPICY RAMYEON,MKN,12,PCS,64200.0,,Februari,2025
8992946533969,FITRI MINYAK GORENG 800ML,SMBK,12,PCS,200508.0,,Februari,2025
8991002125001,KAPAL API SIGNATURE 200ML,MNM,12,PCS,53400.0,,Februari,2025
8997203820004,MINYAK JUJUR 900ML,MKN,12,PCS,209004.0,,Februari,2025
372,CUP KOPI,HOME CARE,12,PAK,216000.0,,Februari,2025
8997220180136,SWALLOW GLOBE HIJAU 7G,MKN,12,PCS,50400.0,,Februari,2025
8997001990046,SIERRA MINERAL 1500 ML,MNM,12,PCS,35496.0,,Februari,2025
101215,JAS HUJAN STELAN 46,HOME CARE,12,PCS,99996.0,,Februari,2025
89686060461,POP MIE KARI AYAM,MKN,12,PCS,49800.0,,Februari,2025
8998866107068,MAMA LEMON JERUK NIPIS 230ML,HOME CARE,12,PCS,42900.0,,Februari,2025
8999988888972,LARUTAN CAP BADAK 500ML,MNM,12,PCS,82584.0,,Februari,2025
8997221811121,INKO GIM SNACK PEDAS 6G,MKN,12,PCS,73740.0,,Februari,2025
8991001503213,MALTITOS CRUNCH 45G,MKN,12,PCS,80112.0,,Februari,2025
8992003783399,ANTANGIN CAIR GINGER MINT,P3K,12,PCS,34272.0,,Februari,2025
8997211252033,NORI TIME ROLL BBQ 4 GR,MKN,12,PCS,29988.0,,Februari,2025
8992907720018,SARI ROTI SOBEK COKLAT KEJU,MKN,12,PCS,194400.0,,Februari,2025
9556398990023,D'BEST BIRD'S NEST 320ML,MNM,12,PCS,69984.0,,Februari,2025
8886015401030,NYAM-NYAM CHOCOLATE 25G,MKN,12,PCS,42480.0,,Februari,2025
8993058304201,BEJO JAHE MERAH 15ML,MKN,12,PCS,29004.0,,Februari,2025
8999999571535,MOLTO PEWANGI PINK 780ML,HOME CARE,12,PCS,173796.0,,Februari,2025
8998898280401,TOLAK ANGIN FLU,P3K,12,PCS,43272.0,,Februari,2025
8996006858320,FRUITEA LEMON 350ML,MNM,12,PCS,42996.0,,Februari,2025
8886022941512,ALKALINE AAA ISI 2,BATERAI,12,PAK,134736.0,,Februari,2025
8886022971298,ALKALINE AA ISI 2,BATERAI,12,PAK,142656.0,,Februari,2025
8998009040368,TEH KOTAK RASA MANGGA 200+100ML,MNM,12,PCS,36600.0,,Februari,2025
8992775002582,DILAN CRUNCHY CARAMEL 24G,MKN,12,PCS,19992.0,,Februari,2025
8993053131017,PASEO ELEGANT 108PLY,HOME CARE,12,PCS,21660.0,,Februari,2025
8992826117326,MINYAK GORENG MASKU 1 LT,SMBK,12,PCS,235800.0,,Februari,2025
8992003782354,ANTANGIN CAIR 15ML,P3K,12,PCS,34800.0,,Februari,2025
8992775001653,GERY SALUT WAFER TABUR KELAPA 20G,MKN,12,PCS,20400.0,,Februari,2025
8992761166038,PULPY ORANGE 300ML,MNM,11,PCS,45375.0,,Februari,2025
8992907996390,SARI ROTI SOBEK DUO COK,MKN,11,PCS,102150.0,,Februari,2025
8992907710019,SARI ROTI SOBEK COKLAT,MKN,11,PCS,178200.0,,Februari,2025
8990044000062,POCKY CHOCOLATE STIK 22G,MKN,10,PCS,38500.0,,Februari,2025
8998866629881,MIE SEDAAP GORENG ALA CHEF,MKN,10,PCS,28460.0,,Februari,2025
8997026200359,BERAS RAJA ULTIMA 5 KG,SMBK,10,PCS,740000.0,,Februari,2025
8992775212110,GARUDA KACANG TELUR 100G,MKN,10,PCS,77000.0,,Februari,2025
8996001305553,ROMA ARDEN YOGURT STRAWBERRY 30GR,MKN,10,PCS,16090.0,,Februari,2025
8886007821242,SOSRO TEH CELUP ISI 25PCS,MNM,10,PCS,61000.0,,Februari,2025
8994985000006,POKKA JASMINE 450 ML,MNM,10,PCS,50000.0,,Februari,2025
8992936115045,TONG TJI ORIGINAL TEA 25,SMBK,10,PCS,60000.0,,Februari,2025
8993539322793,RON CUP 240ML/DUS,MNM,10,DUS,232820.0,,Februari,2025
259,TEH TARIK HANAANG CUP,MNM,10,PCS,55000.0,,Februari,2025
8994907001302,ABC SAMBAL TERASI 18 GR SC,MKN,10,PCS,12100.0,,Februari,2025
8998685221013,NANO-NANO MILKY COKLAT,MKN,10,PCS,21800.0,,Februari,2025
8990044000086,POCKY COOKIES & CREAM 20 GR,MKN,10,PCS,38900.0,,Februari,2025
8998685177013,NANO-NANO MILKY VANILA,MKN,10,PCS,21800.0,,Februari,2025
11110222,PARACETAMOL 500 MG / STRIP,P3K,10,PCS,20000.0,,Februari,2025
8997233910140,BERAS REZEKI 5KG,SMBK,10,PCS,710000.0,,Februari,2025
8998685179017,NANO-NANO MILKY STROBERI,MKN,10,PCS,21800.0,,Februari,2025
8991001111289,SILVERQUEEN 33G,MNM,10,PCS,74230.0,,Februari,2025
3086120600044,BENSIN BIC BR,HOME CARE,10,PCS,32430.0,,Februari,2025
8993175539210,NEXTAR BROWNIES 42GR,MKN,10,PCS,20190.0,,Februari,2025
8993175538541,NEXTAR PINEAPPLE 42G,MKN,10,PCS,20190.0,,Februari,2025
8994985000273,POKKA LYCHEE 450 ML,MNM,10,PCS,50000.0,,Februari,2025
8993996611607,JAZY POPPIN 16,ROKOK,10,PCS,230000.0,,Februari,2025
205,SNACK SUCI FOODS KACANG BALA-BALA,MKN,10,PCS,150000.0,,Februari,2025
8992775000250,CHOCOLATOS DRINK MATCHA LATTE 26G,MNM,10,PCS,17000.0,,Februari,2025
8990044000079,POCKY STRAWBERRY STIK 21G,MKN,10,PCS,38500.0,,Februari,2025
8992003782460,OB HERBAL SC,P3K,10,PCS,26170.0,,Februari,2025
745604688581,BERAS PREMIUM 818 ORANGE 5 KG,SMBK,10,PCS,715000.0,,Februari,2025
8998989501125,G.G MERAH KRETEK 12,ROKOK,10,PCS,145500.0,,Februari,2025
8997004301184,OISHI SPICY SHRIMP 60GR,MKN,9,PCS,52704.0,,Februari,2025
8992858665000,PROMAG / STRIP,P3K,9,PCS,70005.0,,Februari,2025
160,I 50K,PULSA,9,PCS,454500.0,,Februari,2025
8996001302033,ROMA CREAM CRACKERS,MKN,9,PCS,54006.0,,Februari,2025
8997014442983,ON LINE ES TELLER 16,ROKOK,8,PCS,180000.0,,Februari,2025
8993560025502,DETTOL BTG COOL 60G,HOME CARE,8,PCS,29592.0,,Februari,2025
8992907996758,SARI ROTI SANDWICH ZUPERR MOCHA,MKN,8,PCS,36000.0,,Februari,2025
8999988888842,LARUTAN CAP BADAK GUAVA 320ML,MNM,8,PCS,47952.0,,Februari,2025
3526,KERIPIK CAPIOKA 100 G,MKN,8,PCS,80000.0,,Februari,2025
8993560025496,DETTOL BTG ORI 60G,HOME CARE,8,PCS,29592.0,,Februari,2025
8999988888866,LARUTAN CAP BADAK LECI 320ML,MNM,8,PCS,47952.0,,Februari,2025
8998866626262,SOSOFT SAKURA 80ML,HOME CARE,8,PCS,9424.0,,Februari,2025
8997014442020,ON BOLD 12,ROKOK,8,PCS,124000.0,,Februari,2025
222100,KRIPIK KENTANG KECIL BR 5000,MKN,7,PCS,31500.0,,Februari,2025
114,S 50K,PULSA,7,PCS,353150.0,,Februari,2025
8998127921709,DUNHIL MILD 16,ROKOK,7,PCS,190450.0,,Februari,2025
8992775311325,GERY SNACK SEREAL COKLAT 100G,MKN,7,PCS,49000.0,,Februari,2025
8994834007354,FRENCH FRIES 60GR LV3,MKN,6,PCS,36000.0,,Februari,2025
8998866602730,SOKLIN PEWANGI PINK 800ML,HOME CARE,6,PCS,77400.0,,Februari,2025
8998866608329,SABUN COLEK EKONOMI PTH 380 GR,HOME CARE,6,PCS,26100.0,,Februari,2025
8886013221203,TWISKO 70G,MKN,6,PCS,39600.0,,Februari,2025
8997035601222,ORONAMIN C 120 ML,MNM,6,PCS,31200.0,,Februari,2025
8999908057709,BODREX FLU&BATUK 4 TABLET,P3K,6,PCS,12900.0,,Februari,2025
8997032680299,TARO POTATO BBQ 65GR,MKN,6,PCS,46800.0,,Februari,2025
8992775610008,TING-TING GARUDA 125G,MKN,6,PAK,46200.0,,Februari,2025
8992775001042,GARUDA PILUS MIE GORENG 95G,MKN,6,PCS,30000.0,,Februari,2025
8993539142407,MINRAL CUP 220ML,MNM,6,PCS,106500.0,,Februari,2025
8992775203422,GARUDA KACANG ROSTA RASA BAWANG 100G,MKN,6,PCS,45600.0,,Februari,2025
711844160033,ABC LYCHEE JUICE 250ML,MNM,6,PCS,42240.0,,Februari,2025
8996001304990,ROMA SARI GANDUM SANDWICH SUSU&COKLAT 115,MKN,6,PCS,49200.0,,Februari,2025
8992826211017,FILMA MARGARIN 200G,SMBK,6,PCS,38304.0,,Februari,2025
8999178840339,CHUBA BBQ 140G,MKN,6,PCS,53400.0,,Februari,2025
8995227502814,CAP PANDA CINCAU SELASIH 310ML,MNM,6,PCS,32304.0,,Februari,2025
8999999514617,BANGO MANIS 400ML,SMBK,6,PCS,115200.0,,Februari,2025
8998866608992,SO KLIN LIQUID ANTI BACTERIAL 750ML,HOME CARE,6,PCS,100500.0,,Februari,2025
8993039242539,REGAL MARIE DUO COKLAT 125G,MKN,6,PCS,33600.0,,Februari,2025
8997035601482,FIBE MINI 100 ML,MNM,6,PCS,34200.0,,Februari,2025
89686732078,CHITATO LITE SALMON 68G,MKN,6,PCS,64800.0,,Februari,2025
8993539322939,PERFECT 2000ML,MNM,6,PCS,94338.0,,Februari,2025
8992718853370,NISSIN GEKIKARA RAMEN HOT SPICY,MKN,6,PCS,22908.0,,Februari,2025
8993175539517,NABATI WAFER WHITE 50G,MKN,6,PCS,11508.0,,Februari,2025
711844160057,ABC APPLE JUICE 250ML,MNM,6,PCS,42240.0,,Februari,2025
8886013223207,FRENCH FRIES 62G,MKN,6,PCS,37200.0,,Februari,2025
711844160019,ABC ORANGE JUICE 250ML,MNM,6,PCS,42240.0,,Februari,2025
8992775305102,GERY SALUT MALKIST COCONUT,MKN,6,PCS,35400.0,,Februari,2025
8990121011073,BANGO KECAP BTL 135ML,SMBK,6,PCS,57000.0,,Februari,2025
9555093300205,STARWAY JELLY MIXED 100 GR,MKN,6,PCS,59940.0,,Februari,2025
8888166842557,MONDE GENJI PIE 70G,MKN,6,PCS,62400.0,,Februari,2025
8992775002933,GERY SALUT ABON 105 GR,MKN,6,PCS,35400.0,,Februari,2025
8991102800020,KIRANTI DATANG BULAN RASA ORIGINAL,MNM,6,PCS,31500.0,,Februari,2025
8997004301146,RIN-BEE STIK KEJU 60GR,MKN,6,PCS,42600.0,,Februari,2025
89686598599,CHITATO SAPI BUMBU BAKAR 68G,MKN,6,PCS,60600.0,,Februari,2025
8995227500261,KAKI TIGA 500ML,MNM,6,PCS,41250.0,,Februari,2025
13256510414,TG PARTY SNACK 55 GR,KSMTK,6,PCS,45000.0,,Februari,2025
13256140406,TG HONEY PEANUTS,MKN,6,PCS,45000.0,,Februari,2025
8996001302323,ROMA MALKIST ABON,MKN,6,PCS,33900.0,,Februari,2025
8995227500377,CAP PANDA LIANG TEA 310ML,MNM,6,PCS,32304.0,,Februari,2025
711844162426,ABC SARI ASAM JAWA 250ML,MNM,6,PCS,25500.0,,Februari,2025
89686646061,SUN MARIE 150G,MKN,6,PCS,77700.0,,Februari,2025
8992775211434,GARUDA PILUS RASA SAPI PANGGANG 95G,MKN,6,PCS,30000.0,,Februari,2025
8995227500124,KAKI TIGA 200ML,MNM,6,PCS,20004.0,,Februari,2025
8992775002919,GARUDA O'CORN SEASALT 96G,MKN,6,PCS,51600.0,,Februari,2025
8992718853868,NISSIN GEKIKARA RAMEN PAS CARBONARA,MKN,6,PCS,22908.0,,Februari,2025
8996001305003,ROMA SARI GANDUM SANDWICH PEANUT 115G,MKN,6,PCS,49800.0,,Februari,2025
8992718853806,CUP NOODLE RASA KALDU SAPI,MKN,6,PCS,38292.0,,Februari,2025
8992741905183,YUPI SOUR O'RINGO,MKN,6,PCS,21000.0,,Februari,2025
8998866803649,SO KLIN LIQUID VIOLET 750ML,HOME CARE,6,PCS,100500.0,,Februari,2025
8996001302026,ROMA MALKIST CRACKERS,MKN,6,PCS,37200.0,,Februari,2025
8992753004010,FF SKMP POUCH 545 GR,MNM,6,PCS,114000.0,,Februari,2025
9556156009097,YEOS JASMINE 300 ML,MNM,6,PCS,33000.0,,Februari,2025
9556156033597,YEOS LYCHE 300 ML,MNM,6,PCS,33000.0,,Februari,2025
89686598186,CHITATO AYAM BBQ 68G,MKN,6,PCS,64800.0,,Februari,2025
8992775005422,DILAN CHOCO SANDWICH 80 GR,MKN,6,PCS,35400.0,,Februari,2025
8992718853813,CUP NOODLE RASA KALDU AYAM,MKN,6,PCS,38292.0,,Februari,2025
89686732085,CHITATO LITE SAUS KRIM BAWANG 68G,MKN,6,PCS,64800.0,,Februari,2025
8995154802490,SOES SNACK CREAM CHEESE PUFFLES 38GR,MKN,6,PCS,28080.0,,Februari,2025
8995227500582,CAP PANDA GRASS JELLY 310ML,MNM,6,PCS,32304.0,,Februari,2025
8999918999365,BOGABIS GABIN ARMY KELAPA 125G,MKN,6,PCS,31482.0,,Februari,2025
8995227500599,CAP PANDA SARANG BURUNG 310ML,MNM,6,PCS,32304.0,,Februari,2025
8997009510017,YOU C1000 LEMON 140ML,MNM,6,PCS,32700.0,,Februari,2025
8991906101712,DJARUM COKLAT EXTRA 12,ROKOK,6,PCS,86400.0,,Februari,2025
8998009010637,ULTRA MILK LOW FAT 1000ML,MNM,6,PCS,134400.0,,Februari,2025
8992775002896,GARUDA POTATO BBQ 50GR,MKN,6,PCS,51000.0,,Februari,2025
8993175535878,NABATI WAFER CHEESE 50G,MKN,6,PCS,11508.0,,Februari,2025
8992826117333,MINYAK GORENG MASKU 2 LT,SMBK,6,PCS,225474.0,,Februari,2025
8999918999426,BOGABIS GABIN ARMY BUTTER 125G,MKN,6,PCS,31482.0,,Februari,2025
96068809,FISHERMANS BLACKCURRANT 25G,MKN,6,PCS,90774.0,,Februari,2025
711844160071,ABC GUAVA JUICE 250ML,MNM,6,PCS,42240.0,,Februari,2025
89686723021,CHIKI TWIST CORN 75G,MKN,6,PCS,32400.0,,Februari,2025
8999918300116,BOGABIS MALKIST RENYAH 100G,MKN,6,PCS,25434.0,,Februari,2025
8992775210222,GARUDA KACANG ATOM PEDAS 100G,MKN,6,PCS,45600.0,,Februari,2025
8993539322977,PERFECT 1000ML,MNM,6,PCS,54024.0,,Februari,2025
8992775001783,GERY SALUT MALKIST CHOCOLATE COCONUT,MKN,6,PCS,35400.0,,Februari,2025
50819515,FISHERMANS ORIGINAL 25G,MKN,6,PCS,90774.0,,Februari,2025
4321583950213,YUPI ICED COLA 45G,MKN,6,PCS,21000.0,,Februari,2025
8997004302600,OISHI POPPY JAGUNG 60 GR,MKN,6,PCS,35136.0,,Februari,2025
8992775211410,GARUDA PILUS RASA PEDAS 95G,MKN,6,PCS,30000.0,,Februari,2025
8999999570804,RINSO MOLTO ROSE FRESH NEW 400GR,HOME CARE,6,PCS,56400.0,,Februari,2025
8992718853882,NISSIN GEKIKARA PAS AYAM PEDAS,MKN,6,PCS,22908.0,,Februari,2025
8998866602747,SOKLIN PEWANGI BLUE 800ML,HOME CARE,6,PCS,77400.0,,Februari,2025
8719200170995,BLUE BAND 200G,SMBK,6,PCS,51084.0,,Februari,2025
8993175537346,NABATI CHOCOLATE WAFER 127GR,MKN,5,PCS,32670.0,,Februari,2025
8991001121400,SILVERQUEEN ALMOND 68G,MKN,5,PCS,70170.0,,Februari,2025
132,T 10K,PULSA,5,PCS,54250.0,,Februari,2025
179,SNACK SUCI FOODS TALAS,MKN,5,PCS,75000.0,,Februari,2025
34,TELOR OMEGA ISI 6,MKN,5,PCS,75495.0,,Februari,2025
36,TELOR OMEGA ISI 10,MKN,5,PCS,121995.0,,Februari,2025
103,SNACK SUCI FOODS KRIPIK PISANG,MKN,5,PCS,75000.0,,Februari,2025
8999090522757,ROKOK SUKUN KRETEK 12,ROKOK,5,PCS,55750.0,,Februari,2025
8997017730988,ROKOK GROW BERRY 16,ROKOK,5,PCS,112000.0,,Februari,2025
8997017730636,ROKOK GROW BLACK ICE 16,ROKOK,5,PCS,108500.0,,Februari,2025
8993175532464,NABATI CHEESE WAFER,MKN,5,PCS,22515.0,,Februari,2025
8993175533836,NABATI CHOCOLATE WAFER 75G,MKN,5,PCS,22515.0,,Februari,2025
169,SNACK SUCI FOODS BATAGOR KERING,MKN,5,PCS,75000.0,,Februari,2025
8992907996765,SARI ROTI SANDWICH ZUPERR SWEET,MKN,5,PCS,22500.0,,Februari,2025
8999909012691,SAMPOERNA LEGIT 12,ROKOK,5,PCS,62250.0,,Februari,2025
8998898812206,TOLAK ANGIN BATUK + MADU,P3K,5,PCS,18030.0,,Februari,2025
8997014442808,ON LINE FRESHGRAPE 16,ROKOK,5,PCS,112500.0,,Februari,2025
8888166989399,KHONG GUAN BISCUIT 300G,MKN,5,PCS,78700.0,,Februari,2025
8993175537285,NABATI CHEESE WAFER 127GR,MKN,5,PCS,32670.0,,Februari,2025
8888166336605,NISSIN WAFER CHOCOLATE 132G,MKN,5,PCS,38000.0,,Februari,2025
8997001990022,SIERRA 220 ML CUP / DUS,MNM,5,DUS,94995.0,,Februari,2025
8993200666867,CIMORY UHT CASHEW 250 ML,MNM,4,PCS,22000.0,,Februari,2025
8993200667246,CIMORY UHT COK TIRAMISU 250 ML,MNM,4,PCS,22000.0,,Februari,2025
8997217370526,CAMEL YELLOW MILD 12,ROKOK,4,PCS,74600.0,,Februari,2025
8991001111807,SILVERQUEEN BITES ALMOND 40G,MKN,4,PCS,31032.0,,Februari,2025
8993200666898,CIMORY UHT COK MALT 250 ML,MNM,4,PCS,22000.0,,Februari,2025
8992804900254,PRONAS CORNED BEEF 120G,MKN,4,PCS,57688.0,,Februari,2025
8996196002954,PIATTOS RASA RUMPUT LAUT 75G,MKN,4,PCS,33100.0,,Februari,2025
8993200666201,CIMORY UHT MATCHA 250 ML,MNM,4,PCS,22000.0,,Februari,2025
8999988888811,LARUTAN CAP BADAK ORANGE 320ML,MNM,4,PCS,23976.0,,Februari,2025
8993200666126,CIMORY UHT BLUEBERRY 250 ML,MNM,4,PCS,22000.0,,Februari,2025
8993200666218,CIMORY UHT STRAWBERRY 250 ML,MNM,4,PCS,22000.0,,Februari,2025
8993200666836,CIMORY UHT ALMOND 250 ML,MNM,4,PCS,22000.0,,Februari,2025
8999988888828,LARUTAN CAP BADAK STRAW 320ML,MNM,4,PCS,23976.0,,Februari,2025
8992907996772,SARI ROTI DORAYAKI STRAWBERRY,MKN,4,PCS,21600.0,,Februari,2025
8993200666928,CIMORY UHT MARIE BISCUITS 250ML,MNM,4,PCS,22000.0,,Februari,2025
8991001111609,SILVERQUEEN BITES 40G,MKN,4,PCS,31032.0,,Februari,2025
8993200666133,CIMORY UHT COK 250 ML,MNM,4,PCS,22000.0,,Februari,2025
8993200666157,CIMORY UHT BEBAS LAKTOSA 250 ML,MNM,4,PCS,22000.0,,Februari,2025
12121,SNACK PUYUR / BALL,MKN,4,PCS,490000.0,,Februari,2025
8993200667215,CIMORY UHT SALTED CARAMEL 250 ML,MNM,4,PCS,22000.0,,Februari,2025
8996196000950,PIATTOS SAPI PANGGANG 75G,MKN,4,PCS,33100.0,,Februari,2025
8991001111791,SILVERQUEEN BITES DARK 35G,MKN,4,PCS,31032.0,,Februari,2025
8993200666805,CIMORY UHT HAZELNUT 250 ML,MNM,4,PCS,22000.0,,Februari,2025
711844120037,ABC SAMBAL ASLI 135ML,SMBK,3,PCS,23400.0,,Februari,2025
8999999049461,REXONA INVISIBLE DRY 45ML,KSMTK,3,PCS,42999.0,,Februari,2025
8997223735531,TWIZZ RED 16,ROKOK,3,PCS,70500.0,,Februari,2025
8992727003087,LAURIER NIGHT 35CM 6P,HOME CARE,3,PCS,25800.0,,Februari,2025
8997232970046,LEMONILO BROWNIES CRISPY CHOCO 35 G,MKN,3,PCS,29700.0,,Februari,2025
8997004302587,OISHI MAKADO BBQ 60 GR,MKN,3,PCS,17568.0,,Februari,2025
8993172000423,SIMBA CHOCO STRAWBERY CUP 37 G,MKN,3,PCS,21000.0,,Februari,2025
8991906101811,DJARUM 76 MANGGA,ROKOK,3,PCS,40950.0,,Februari,2025
9556182023234,CADBURY DAIRY MILK CHOCOLATE 30G,MKN,3,PCS,22599.0,,Februari,2025
8993189270260,CHARM SAFE NIGHT 35 CM 5 PADS,HOME CARE,3,PCS,32100.0,,Februari,2025
8999909012844,SAMPOERNA LEGIT SADA 12,ROKOK,3,PCS,37350.0,,Februari,2025
8995108500038,KUACI REBO ORIGINAL 150G,MKN,3,PCS,37902.0,,Februari,2025
111111,DELQUA CUP 200 / DUS,MNM,3,PCS,43500.0,,Februari,2025
8995108509550,KUACI REBO ORIGINAL 70G,MKN,3,PCS,22035.0,,Februari,2025
8992957246247,ALPINE FULL MILK 60G,MKN,3,PCS,32625.0,,Februari,2025
8992745380191,STELLA DAILY FRESHNESS PURPLE DREAM,HOME CARE,3,PCS,39960.0,,Februari,2025
8992775110126,GARUDA KACANG KULIT 200G,MKN,3,PCS,48525.0,,Februari,2025
8995952004232,MORIN PEANUT 150 GR,MKN,3,PCS,73400.0,,Februari,2025
8993175538909,SIIP CORN 50G,MKN,3,PCS,11937.0,,Februari,2025
8992696428300,NESTLE HONEY STARS 32G,MKN,3,PCS,27300.0,,Februari,2025
8995154802032,BAGELEN CHESSE 78G,MKN,3,PCS,57330.0,,Februari,2025
8993099996571,PAGODA PASTILES LIQUORICE 20GR,MKN,3,PCS,22977.0,,Februari,2025
8999908071903,BODREX MIGRA,P3K,3,PCS,6900.0,,Februari,2025
8997021870151,FRESH CARE STRONG 10ML,P3K,3,PCS,38499.0,,Februari,2025
8999178650235,MAITOS SAMBAL BALADO 140G,MKN,3,PCS,24600.0,,Februari,2025
7622210086679,CADBURY DAIRY MILK FRUIT&NUT 30G,MKN,3,PCS,25320.0,,Februari,2025
8991906101842,DJARUM COKLAT EXTRA MOCCA 12,ROKOK,3,PCS,47700.0,,Februari,2025
89686400038,INDOFOOD SAMBAL PEDAS DASYAT 275 ML,MKN,3,PCS,36300.0,,Februari,2025
8992942120347,PIA 100 COKLAT 75G,MKN,3,PCS,16995.0,,Februari,2025
8997223734138,TWIZZ ROYAL 12,ROKOK,3,PCS,52050.0,,Februari,2025
72,KRIPING SINGKONG AB/BAL,MKN,3,PCS,390000.0,,Februari,2025
8997215750085,WIN CHEESE GOLD 170GR,MKN,3,PCS,36309.0,,Februari,2025
8997232971265,LEMONILO CHIMI CHEESE BURGER 41 GR,MKN,3,PCS,20979.0,,Februari,2025
749921030658,HILO MILKY BROWN SUGAR 200ML,MNM,3,PCS,18981.0,,Februari,2025
8998866610223,DAIA VIOLET 850G,HOME CARE,3,PCS,44100.0,,Februari,2025
8992727006187,BIORE BODY WASH SAKURA 450ML,HOME CARE,3,PCS,56400.0,,Februari,2025
8995108509567,KUACI REBO MILK FLAVOR 70G,MKN,3,PCS,22035.0,,Februari,2025
8991905101096,ROKOK BROWN COFFEE 12,ROKOK,3,PCS,43500.0,,Februari,2025
8997215750153,WINCHEESZ PREMIUM 160GR,MKN,3,PCS,47184.0,,Februari,2025
8999898962533,UHT DIAMOND FC 1000 ML,MNM,3,PCS,62700.0,,Februari,2025
8888166993150,NISSIN WALENS CHOCO SOES 100G,MKN,3,PCS,24600.0,,Februari,2025
8719200171404,BLUE BAND CUP 250G,SMBK,3,PCS,55500.0,,Februari,2025
8992696428287,MILO COMBO CUP 32G,MKN,3,PCS,23700.0,,Februari,2025
8992727008273,BIORE REF HYGIENIC 450ML,HOME CARE,3,PCS,56400.0,,Februari,2025
8999178654332,MAITOS JAGUNG BBQ 140G,MKN,3,PCS,24600.0,,Februari,2025
8993999611208,JANAKA,ROKOK,3,PCS,29400.0,,Februari,2025
8999999584733,RINSO MOLTO STRAW BUBUK 700 GR,HOME CARE,3,PCS,60300.0,,Februari,2025
8999999045265,RINSO MOLTO ROSE 800 GR,HOME CARE,3,PCS,83700.0,,Februari,2025
8998777144060,DIAPET 10,P3K,3,PCS,15750.0,,Februari,2025
8998009080500,KRAFT CHEEDAR 165G,MKN,3,PCS,68430.0,,Februari,2025
112,S 100K,PULSA,3,PCS,300000.0,,Februari,2025
8999999580759,REXONA MEN DEO ADVEN 45ML,HOME CARE,3,PCS,42999.0,,Februari,2025
8999999580735,REXONA DEO MEN ICE 45ML,KSMTK,3,PCS,52200.0,,Februari,2025
8995108509864,KUACI REBO SALTED CARAMEL 150G,MKN,3,PCS,37902.0,,Februari,2025
8888166995789,NISSIN WALENS BLUEBERRY 100 GR,MKN,3,PCS,25500.0,,Februari,2025
8995108509499,KUACI REBO GREEN TEA 150G,MKN,3,PCS,37902.0,,Februari,2025
8998866618304,DAIA HIJAB 850G,HOME CARE,3,PCS,44100.0,,Februari,2025
8999168211606,JUARA JAMBU 12,ROKOK,3,PCS,39300.0,,Februari,2025
8993189270741,CHARM SAFE NIGHT 42CM 8 PADS,HOME CARE,3,PCS,67800.0,,Februari,2025
8999999580766,REXONA MEN DEO ULTRA 45ML,HOME CARE,3,PCS,42999.0,,Februari,2025
8993175538862,SIIP RICHOCO 50GR,MKN,3,PCS,11937.0,,Februari,2025
4902430400947,PANTENE SHAMPO AD 160ML,HOME CARE,3,PCS,83100.0,,Februari,2025
8995108500052,KUACI REBO MILK FLAVOR 150G,MKN,3,PCS,37902.0,,Februari,2025
8997004302594,OISHI MAKADO TOMAT 60 GR,MKN,3,PCS,17568.0,,Februari,2025
8997232970053,LEMONILO BROWNIES CRISPY CHEESE 35G,MKN,3,PCS,29700.0,,Februari,2025
8999909012875,SAMPOERNA LEGIT AMERTA,ROKOK,3,PCS,37350.0,,Februari,2025
8993172995460,SIMBA CHOCO CHIP CUP CHOCOLATE MILK 17G,MKN,3,PCS,21000.0,,Februari,2025
749921011145,NUTRISARI JERUK MADU 200ML,MNM,3,PCS,18315.0,,Februari,2025
8997168212135,JUARA TEH MANIS 12,ROKOK,3,PCS,39300.0,,Februari,2025
8998866624329,SO KLIN LIQUID W&B 525ML,HOME CARE,3,PCS,33000.0,,Februari,2025
711844130128,ABC SAUS TOMAT 275ML,MKN,3,PCS,41100.0,,Februari,2025
8993172902499,SIMBA CHOCO CHIP CUP PLAIN MILK 17G,MKN,3,PCS,21000.0,,Februari,2025
8995108509574,KUACI REBO GREEN TEA 70G,MKN,3,PCS,22035.0,,Februari,2025
8888166350137,NISSIN WALENS CHEESE SOES 100G,MKN,3,PCS,28200.0,,Februari,2025
8996001312605,ROMA MALKIST KJ PANGGANG 110 GR,MKN,3,PCS,39600.0,,Februari,2025
8998866607353,DAIA PUTIH 850G,HOME CARE,3,PCS,44100.0,,Februari,2025
8995108509857,KUACI REBO SALTED CARAMEL 70G,MKN,3,PCS,22035.0,,Februari,2025
7622210681614,CADBURY DAIRY MILK CASHEW NUT 30G,MKN,3,PCS,22599.0,,Februari,2025
108,PLN 200K,PULSA,3,PCS,603000.0,,Februari,2025
749921011596,NUTRISARI ORANGE UHT 200ML,MNM,3,PCS,18315.0,,Februari,2025
50604159,FISHERMANS LEMON 25G,MKN,3,PCS,45387.0,,Februari,2025
8992718853561,NISSIN UFO SAUS JEPANG,MKN,3,PCS,25341.0,,Februari,2025
8992775004524,CHOCOLATOS BOX VAN 90G,MKN,3,PCS,28500.0,,Februari,2025
8998989300292,G.G PATRA 12,ROKOK,3,PCS,38700.0,,Februari,2025
8993099132979,PAGODA PASTILES MINT 20GR,MKN,3,PCS,20979.0,,Februari,2025
8995154801431,KARTIKA TOAST ALMOND COOKIES 51.6G,MKN,3,PCS,38610.0,,Februari,2025
4902430400886,PANTENE SHAMPO AH 160ML,HOME CARE,3,PCS,83400.0,,Februari,2025
8997878700366,LEMONILO MIE GORENG PEDAS KOREA,SMBK,3,PCS,17700.0,,Februari,2025
8993189230103,CHARM SAFE NIGHT 29CM 9 PADS,HOME CARE,3,PCS,25350.0,,Februari,2025
6921211116639,CHUPA CHUPS MELODY POPS,MKN,3,PCS,7509.0,,Februari,2025
9556439890770,LEXUS CHEESE SANDWICH 76 GR,MKN,3,PCS,31689.0,,Februari,2025
7622201822194,CADBURY DAIRY MILK HAZELNUT 62G,MKN,3,PCS,46230.0,,Februari,2025
50017898,FISHERMAN'S CHERRY 25G,MKN,3,PCS,45387.0,,Februari,2025
8992907953287,SARI ROTI TAWAR KUPAS JUMBO,MKN,3,PCS,54000.0,,Februari,2025
711844110113,ABC KECAP 135ML,SMBK,3,PCS,22611.0,,Februari,2025
8999999401238,RINSO ANTI NODA CLASSIC 800G,HOME CARE,3,PCS,83700.0,,Februari,2025
8997232971302,LEMONILO BROWNIES STRAW 35 GR,MKN,3,PCS,29700.0,,Februari,2025
8999999006006,RINSO ANTI NODA CLASSIC 510+190 ML,HOME CARE,3,PCS,60300.0,,Februari,2025
8999777016784,NIVEA MEN ROOL COOK KICK 50 ML,KSMTK,3,PCS,57300.0,,Februari,2025
8993175538824,SIIP CHEESE 50G,MKN,3,PCS,11937.0,,Februari,2025
7622210640994,CADBURY DAIRY MILK CASHEW NUT 62G,MKN,3,PCS,39621.0,,Februari,2025
8995227500247,CAP KAKI TIGA GUAVA 320ML,MNM,3,PCS,16977.0,,Februari,2025
8992907440015,SARI ROTI KRIM MOKA,MKN,3,PCS,16200.0,,Februari,2025
711844330108,ABC SARDEN CABAI  155G,SMBK,3,PCS,32400.0,,Februari,2025
8992957246346,ALPINE BITTER SWEET 60G,MKN,3,PCS,32625.0,,Februari,2025
9556439890961,LEXUS CHOCOLATE SANDWICH 76 GR,MKN,3,PCS,31689.0,,Februari,2025
749921030580,HILO CHOCOLATE TARO 200ML,MNM,3,PCS,18981.0,,Februari,2025
749921006868,HILO TEEN 200ML RASA CHOCOLATE,MNM,3,PCS,21645.0,,Februari,2025
8999908285003,BODREX EXTRA 4 TABLET,P3K,3,PCS,7350.0,,Februari,2025
8992745326694,STELLA DAILY FRESHNES ORANGE BLOSSOM,HOME CARE,3,PCS,47286.0,,Februari,2025
8999999049492,REXONA DEO POWDER DRY 45ML,HOME CARE,3,PCS,43002.0,,Februari,2025
8992718853639,NISSIN UFO KARI PEDAS,MKN,3,PCS,25341.0,,Februari,2025
89981108,LUCKY STRIKE WHITE FILTER 20,ROKOK,3,PCS,84600.0,,Februari,2025
8998866109864,MAMA LEMON JERUK NIPIS 950ML,HOME CARE,3,PCS,39312.0,,Februari,2025
8999999534677,REXONA GLOW WHITE 40ML,HOME CARE,3,PCS,39000.0,,Februari,2025
8992727009058,BIORE DEO PROTECT 400 ML,HOME CARE,3,PCS,58200.0,,Februari,2025
110,PLN 50K,PULSA,3,PCS,153000.0,,Februari,2025
383,SNACK BALADO / BALL,MKN,2,PCS,240000.0,,Februari,2025
8992907000806,SARI ROTI DORAYAKI PANDAN,MKN,2,PCS,10800.0,,Februari,2025
8995102708003,MAMA SUKA RUMPUT LAUT JAGUNG BAKAR 9G,MKN,2,PCS,23410.0,,Februari,2025
8993175562843,NABATI WAFER CCP 127 GR,MKN,2,PCS,13066.0,,Februari,2025
8996196005801,PIATTOS MYSTERY FLAVOUR 68G,MKN,2,PCS,16550.0,,Februari,2025
8996196005559,PIATTOS KEJU PEDAS 75 G,MKN,2,PCS,16550.0,,Februari,2025
8992745120469,HIT AER ORANGE 415+35 ML,HOME CARE,2,PCS,51060.0,,Februari,2025
150,B 50K,PULSA,2,PCS,101000.0,,Februari,2025
8995227500292,CAP KAKI TIGA RASA MELON 320ML,MNM,2,PCS,11318.0,,Februari,2025
8996196004705,PIATTOS RASA SAMBAL GEPREK 78G,MKN,2,PCS,16550.0,,Februari,2025
8995227500230,CAP KAKI TIGA RASA ANGGUR 320ML,MNM,2,PCS,11318.0,,Februari,2025
8995102708119,MAMA SUKA RUMPUT LAUT RASA TELUR ASIN 9G,MKN,2,PCS,23410.0,,Februari,2025
116,S 25K,PULSA,2,PCS,51050.0,,Februari,2025
8996196004651,PIATTOS RASA SAMBAL MATAH 78G,MKN,2,PCS,16550.0,,Februari,2025
8995227500254,CAP KAKI TIGA STRAWBERRY 320ML,MNM,2,PCS,11318.0,,Februari,2025
8992804000459,PRONAS BOLOGNESE SAUCE 175G,MKN,2,PCS,19428.0,,Februari,2025
8995227500278,CAP KAKI TIGA LECI 320ML,MNM,2,PCS,11318.0,,Februari,2025
8994023000029,KEJU MEG CHEDDAR 160 GR,MKN,2,PCS,42000.0,,Februari,2025
8992695110206,PANADOL EXTRA 10 TABLET,P3K,2,PCS,25000.0,,Februari,2025
96,GAS ELPIJI 12 KG,HOME CARE,2,PCS,394000.0,,Februari,2025
1501,T 25K,PULSA,2,PCS,50800.0,,Februari,2025
8997004302457,SUKY SUKY SWEET 60 GR,MKN,2,PCS,11714.0,,Februari,2025
8995227501039,CAP KAKI TIGA RASA MARKISA 320ML,MNM,2,PCS,11318.0,,Februari,2025
8998989300513,SIGNATURE KRETEK 12,ROKOK,2,PCS,23900.0,,Februari,2025
8997014443010,ON LINE PINEAPPLE 16,ROKOK,2,PCS,45000.0,,Februari,2025
8995227502074,CAP KAKI TIGA RASA JERUK NIPIS 320ML,MNM,2,PCS,11318.0,,Februari,2025
10101000000,I 20,PULSA,2,PCS,41200.0,,Februari,2025
8993175563031,SIIP BITE COCOPANDAN 57 GR,MKN,2,PCS,9400.0,,Februari,2025
8992820114260,PRONAS SARDEN TOMAT 425G,SMBK,2,PCS,45126.0,,Februari,2025
8995952008230,MORIN CHOCO PEANUT 170G,MKN,2,PCS,47800.0,,Februari,2025
8995102708027,MAMA SUKA RUMPUT LAUT PANGGANG 9G,MKN,2,PCS,23410.0,,Februari,2025
162,I 25K,PULSA,2,PCS,52500.0,,Februari,2025
8992804900575,PRONAS SARDEN PEDAS 425G,SMBK,2,PCS,45126.0,,Februari,2025
8992804113401,PRONAS CORNED BEEF 340G,SMBK,2,PCS,66904.0,,Februari,2025
8995227500308,CAP KAKI TIGA ORANGE 320ML,MNM,2,PCS,11318.0,,Februari,2025
8993175562515,NABATI WAFER CCP 100 GR,MKN,2,PCS,16596.0,,Februari,2025
323,SLONDOK/BAL,MKN,1,PAK,125000.0,,Februari,2025
122222111,SNACK KUCAI ASIN / BAL,MKN,1,PCS,125000.0,,Februari,2025
8991102012904,S.G FORMULA NEO,HOME CARE,1,PCS,2700.0,,Februari,2025
8719200171411,BLUE BAND 1KG,SMBK,1,PCS,80500.0,,Februari,2025
11122,AKI MOTOR GS ASTRA,HOME CARE,1,PCS,285000.0,,Februari,2025
164,I 10K,PULSA,1,PCS,11050.0,,Februari,2025
308,BERAS PETRUK 25KG,SMBK,1,PCS,420000.0,,Februari,2025
8994023000333,KEJU MEG SLICE 10 S,MKN,1,PCS,11300.0,,Februari,2025
1334,SR 25K,PULSA,1,PCS,25300.0,,Februari,2025
119,S 10,PULSA,1,PCS,10800.0,,Februari,2025
139,S 15,PULSA,1,PCS,15600.0,,Februari,2025
145,SR 100,PULSA,1,PCS,98900.0,,Februari,2025
8998009011207,ULTRA LOWFAT CHOCOLATE 1L,MNM,1,PCS,22700.0,,Februari,2025
148,B 100K,PULSA,1,PCS,100700.0,,Februari,2025
163,I 10,PULSA,1,PCS,11050.0,,Februari,2025
118,S 20K,PULSA,1,PCS,20700.0,,Februari,2025
187,GAS ELPIJI 5 KG,HOME CARE,1,PCS,95000.0,,Februari,2025
120,S 10K,PULSA,1,PCS,10800.0,,Februari,2025
60,SNACK MAKARONI / BAL,MKN,1,PCS,110000.0,,Februari,2025
112121,T 15K,PULSA,1,PCS,16950.0,,Februari,2025
11210011,BAND LUAR FEDERAL,HOME CARE,1,PCS,215000.0,,Februari,2025
8997004302440,OISHI SUKY SUKY SEAWED 60 GR,MKN,1,PCS,5857.0,,Februari,2025
156,B 5K,PULSA,1,PCS,6100.0,,Februari,2025
154,B 10K,PULSA,1,PCS,11250.0,,Februari,2025
158,I 100K,PULSA,1,PCS,98750.0,,Februari,2025
159,I 50,PULSA,1,PCS,49300.0,,Februari,2025
